municipio,link_portal_transp,link_prefeitura,observacoes,fornecedor,tipo_fornecer,Fornecedor: Gestões Anteriores,,,,,,,,,,,
Água Branca,http://transparencia.elmar.inf.br/?e=201001,http://aguabranca.pb.gov.br/,,Elmar Tecnologia,Único,N/A,,,,,,,,,,,
Aguiar,http://portaldatransparencia.publicsoft.com.br/sistemas/ContabilidadePublica/views/views_control/index.php?cidade=ML4=&uf=PB,http://www.aguiar.pb.gov.br/,,Publicsoft,Único,N/A,,,,,,,,,,,
Alagoa Grande,http://transparencia.alagoagrande.pb.gov.br/,http://www.alagoagrande.pb.gov.br/,,Alfa Consultoria / Info Public,Múltiplos,N/A,,,,,,,,,,,
Alagoa Nova,http://www.transparenciaativa.com.br/Principal.aspx?Entidade=93,http://www.alagoanova.pb.gov.br/,,Info Public,Único,N/A,,,,,,,,,,,
Alagoinha,http://transparencia.alagoinha.pb.gov.br/,http://www.alagoinha.pb.gov.br/,,Alfa Consultoria / e-TICons,Múltiplos,N/A,,,,,,,,,,,
Alcantil,http://www.alcantil.pb.gov.br/portal-da-transparencia,http://www.alcantil.pb.gov.br/,Abre modal,Publicsoft,Único,N/A,,,,,,,,,,,
Algodão de Jandaíra,http://www.transparenciaativa.com.br/Principal.aspx?Entidade=37,http://algodaodejandaira.pb.gov.br/portal/,,Info Public,Único,N/A,,,,,,,,,,,
Alhandra,http://www.alhandra.pb.gov.br/index.php/transparencia/portal-da-transparencia,http://www.alhandra.pb.gov.br/,,Info Public,Único,N/A,,,,,,,,,,,
Amparo,http://portaldatransparencia.publicsoft.com.br/sistemas/ContabilidadePublica/accessdirect.php?link=MLN1,http://amparo.pb.gov.br/,,Publicsoft,Único,N/A,,,,,,,,,,,
Aparecida,http://www.aparecida.pb.gov.br/portal-da-transparencia.html,http://www.aparecida.pb.gov.br/,,Elmar Tecnologia,Único,N/A,,,,,,,,,,,
Araçagi,http://transparencia.aracagi.pb.gov.br/,http://www.aracagi.pb.gov.br/,,Alfa Consultoria / Elmar Tecnologia,Múltiplos,Info Public,,,,,,,,,,,
Arara,http://transparencia.elmar.inf.br/?e=201012,http://www.arara.pb.gov.br/,,Elmar Tecnologia,Único,N/A,,,,,,,,,,,
Araruna,http://portaldatransparencia.publicsoft.com.br/sistemas/ContabilidadePublica/accessdirect.php?link=MLs,https://www.araruna.pb.gov.br/,,Publicsoft,Único,N/A,,,,,,,,,,,
Areia,http://transparencia.areia.pb.gov.br/,http://areia.pb.gov.br/,,Alfa Consultoria / Publicsoft,Múltiplos,e-TICons,,,,,,,,,,,
Areia de Baraúnas,http://areiadebaraunas.pb.gov.br/assuntos/portal-da-transparencia,http://areiadebaraunas.pb.gov.br/,,EasyWeb / Publicsoft / e-TICons,Múltiplos,N/A,,,,,,,,,,,
Areial,http://www.transparenciaativa.com.br/Principal.aspx?Entidade=39,http://areial.pb.gov.br/portal/,,Info Public,Único,N/A,,,,,,,,,,,
Aroeiras,http://transparenciaativa.com.br/?Entidade=194,http://aroeiras.pb.gov.br/,,Info Public,Único,Elmar Tecnologia,,,,,,,,,,,
Assunção,http://www.assuncao.pb.gov.br/portal-da-transparencia,http://www.assuncao.pb.gov.br/,"*Abre modal, mas dá opção de acesso pelo site da Transp. Ativa",Portal Próprio / Info Public,Múltiplos,N/A,,,,,,,,,,,
Baía da Traição,http://www.baiadatraicao.pb.gov.br/portal-da-transparencia,http://www.baiadatraicao.pb.gov.br/,,Publicsoft,Único,N/A,,,,,,,,,,,
Bananeiras,http://transparencia.bananeiras.pb.gov.br/,http://www.bananeiras.pb.gov.br/,,Alfa Consultoria / Elmar Tecnologia,Múltiplos,N/A,,,,,,,,,,,
Baraúna,http://www.transparenciaativa.com.br/Principal.aspx?Entidade=181,http://barauna.pb.gov.br/,,Info Public,Único,LHSystem / Elmar Tecnologia,,,,,,,,,,,
Barra de Santa Rosa,http://www.barradesantarosa.pb.gov.br/portal-da-transparencia,http://www.barradesantarosa.pb.gov.br/,,Elmar Tecnologia,Único,N/A,,,,,,,,,,,
Barra de Santana,http://www.barradesantana.pb.gov.br/,http://www.barradesantana.pb.gov.br/,,Publicsoft,Único,N/A,,,,,,,,,,,
Barra de São Miguel,http://www.barradesaomiguel.pb.gov.br/portal-da-transparencia,http://www.barradesaomiguel.pb.gov.br/,,Portal Próprio / Elmar Tecnologia,Múltiplos,Info Public,,,,,,,,,,,
Bayeux,http://www.bayeux.pb.gov.br/portal-da-transparencia,http://www.bayeux.pb.gov.br/,,e-TICons,Único,N/A,,,,,,,,,,,
Belém,http://transparencia.belem.pb.gov.br/,http://www.belem.pb.gov.br/,,e-TICons + Alfa Consultoria,Único,N/A,,,,,,,,,,,
Belém do Brejo do Cruz,http://www.belemdobrejodocruz.pb.gov.br/transparenciafiscal.html,http://www.belemdobrejodocruz.pb.gov.br/,,Publicsoft,Único,N/A,,,,,,,,,,,
Bernardino Batista,http://www.bernardinobatista.pb.gov.br/portal-da-transparencia,http://www.bernardinobatista.pb.gov.br/,,Portal Próprio / Info Public,Múltiplos,N/A,,,,,,,,,,,
Boa Ventura,http://boaventura.pb.gov.br/assuntos/portal-da-transparencia,http://boaventura.pb.gov.br/,,EasyWeb / Publicsoft,Múltiplos,N/A,,,,,,,,,,,
Boa Vista,http://www.boavista.pb.gov.br/portal-da-transparencia,http://www.boavista.pb.gov.br/,Abre Modal,Portal Próprio / Publicsoft / Elmar Tecnologia,Múltiplos,N/A,,,,,,,,,,,
Bom Jesus,http://transparencia.elmar.inf.br/?e=201031,http://www.prefeiturabomjesus.pb.gov.br/,,Elmar Tecnologia,Único,N/A,,,,,,,,,,,
Bom Sucesso,http://prefeituradebomsucesso.com.br/Pages/Repeaters/publidocs.aspx?par_idorgao=201032,http://bomsucesso.pb.gov.br/,,DC Soluções,Único,N/A,,,,,,,,,,,
Bonito de Santa Fé,http://bonitodesantafe.pb.gov.br/assuntos/portal-da-transparencia,http://bonitodesantafe.pb.gov.br/,,Publicsoft,Único,N/A,,,,,,,,,,,
Boqueirão,http://www.boqueirao.pb.gov.br/portal-da-transparencia,http://www.boqueirao.pb.gov.br/,,Publicsoft,Único,N/A,,,,,,,,,,,
Borborema,http://transparencia.borborema.pb.gov.br/,https://www.borborema.pb.gov.br/,,Alfa Consultoria / Elmar Tecnologia,Múltiplos,Publicsoft,,,,,,,,,,,
Brejo do Cruz,http://www.brejodocruz.pb.gov.br/portal-da-transparencia,http://www.brejodocruz.pb.gov.br/,,Elmar Tecnologia,Único,N/A,,,,,,,,,,,
Brejo dos Santos,http://brejodossantos.pb.gov.br/?page_id=975,http://brejodossantos.pb.gov.br/,,DC Soluções,Único,N/A,,,,,,,,,,,
Caaporã,http://www.caapora.pb.gov.br/transparencia,http://www.caapora.pb.gov.br/,,e-TICons,Único,N/A,,,,,,,,,,,
Cabaceiras,http://www.cabaceiras.pb.gov.br/portal-da-transparencia,http://www.cabaceiras.pb.gov.br/,,Publicsoft / Grupo Assesi,Múltiplos,Aspec Informática,,,,,,,,,,,
Cabedelo,http://cabedelo.pb.gov.br/transparencia/index.asp,http://cabedelo.pb.gov.br/,,Publicsoft / Elmar Tecnologia,Múltiplos,N/A,,,,,,,,,,,
Cachoeira dos Índios,http://www.governotransparentecachoeiradosindios.com/,http://www.cachoeiradosindios.pb.gov.br/,Dois portais pela mesma empresa,Elmar Tecnologia,Único,Elmar Tecnologia,,,,,,,,,,,
Cacimba de Areia,http://cacimbadeareia.pb.gov.br/assuntos/portal-da-transparencia,http://cacimbadeareia.pb.gov.br/,,EasyWeb / Publicsoft / e-TICons,Múltiplos,N/A,,,,,,,,,,,
Cacimba de Dentro,http://www.cacimbadedentro.pb.gov.br/portaldatransparencia/,http://www.cacimbadedentro.pb.gov.br/,,Publicsoft,Único,Elmar Tecnologia,,,,,,,,,,,
Cacimbas,http://www.siteseticons.com.br/portal/ws/empresa/MDE2MTI2ODYwMDAxMzQ=,http://cacimbas.pb.gov.br/,,e-TICons,Único,N/A,,,,,,,,,,,
Caiçara,http://transparencia.caicara.pb.gov.br/,http://www.caicara.pb.gov.br/,,Alfa Consultoria / Elmar Tecnologia,Múltiplos,Aspec Informática / Publicsoft,,,,,,,,,,,
Cajazeiras,http://cajazeiras.pb.gov.br/transparencia/,https://cajazeiras.pb.gov.br/,,Publicsoft / Elmar Tecnologia,Múltiplos,N/A,,,,,,,,,,,
Cajazeirinhas,http://www.cajazeirinhas.pb.gov.br/portal-da-transparencia.html,http://www.cajazeirinhas.pb.gov.br/,,Elmar Tecnologia,Único,N/A,,,,,,,,,,,
Caldas Brandão,http://www.caldasbrandao.pb.gov.br/transparencia/,http://www.caldasbrandao.pb.gov.br/,Abre modal,Portal Próprio / Publicsoft,Múltiplos,N/A,,,,,,,,,,,
Camalaú,http://camalau.pb.gov.br/assuntos/portal-da-transparencia,http://www.camalau.pb.gov.br/,,EasyWeb / Info Public,Múltiplos,N/A,,,,,,,,,,,
Campina Grande,http://transparencia.campinagrande.pb.gov.br/,http://campinagrande.pb.gov.br/,,Publicsoft,Único,N/A,,,,,,,,,,,
Capim,http://transparencia.capim.pb.gov.br/,http://www.capim.pb.gov.br/,,Alfa Consultoria / Publicsoft,Múltiplos,e-TICons,,,,,,,,,,,
Caraúbas,http://transparencia.elmar.inf.br/Contab/Transferencias?e=201053,http://caraubas.pb.gov.br/,,Elmar Tecnologia,Único,N/A,,,,,,,,,,,
Carrapateira,http://transparencia.elmar.inf.br/?e=201054,http://www.carrapateira.pb.gov.br/,,Elmar Tecnologia,Único,N/A,,,,,,,,,,,
Casserengue,http://transparencia.casserengue.pb.gov.br/,http://www.casserengue.pb.gov.br/,,Alfa Consultoria / e-TICons,Múltiplos,N/A,,,,,,,,,,,
Catingueira,http://catingueira.pb.gov.br/assuntos/portal-da-transparencia,http://catingueira.pb.gov.br/,,EasyWeb / Publicsoft / e-TICons,Múltiplos,N/A,,,,,,,,,,,
Catolé do Rocha,http://catoledorocha.pb.gov.br/assuntos/portal-da-transparencia,http://catoledorocha.pb.gov.br/,O portal da transparência do município está com problema no acesso aos dados (04/12/2017),EasyWeb,Único,,,,,,,,,,,,
Caturité,http://caturite.pb.gov.br/2017/?pag=home3,http://caturite.pb.gov.br/2017/?pag=home,,Publicsoft,Único,Aspec Informática,,,,,,,,,,,
Conceição,http://conceicao.pb.gov.br/assuntos/porta-da-transparencia,http://conceicao.pb.gov.br/,,e-TICons,Único,N/A,,,,,,,,,,,
Condado,http://condado.pb.gov.br/assuntos/portal-da-transparencia,http://condado.pb.gov.br/,,EasyWeb / Elmar Tecnologia,Múltiplos,N/A,,,,,,,,,,,
Conde,http://conde.pb.gov.br/transparencia-1,http://conde.pb.gov.br/,,Elmar Tecnologia,Único,N/A,,,,,,,,,,,
Congo,http://www.congo.pb.gov.br/index.php/transparencia,http://www.congo.pb.gov.br/index.php,,Elmar Tecnologia,Único,Aspec Informática / Publicsoft,,,,,,,,,,,
Coremas,http://www.coremas.pb.gov.br/transparencia/,http://www.coremas.pb.gov.br/,,e-TICons,Único,N/A,,,,,,,,,,,
Coxixola,http://transparencia.elmar.inf.br/?e=201064,http://coxixola.pb.gov.br/,,Elmar Tecnologia,Único,N/A,,,,,,,,,,,
Cruz do Espírito Santo,http://www.cruzdoespiritosanto.pb.gov.br/transparencia/portal-da-transparencia/,http://www.cruzdoespiritosanto.pb.gov.br/,,Publicsoft,Único,N/A,,,,,,,,,,,
Cubati,http://transparencia2017.cubati.pb.gov.br/,http://cubati.pb.gov.br/home/,,Publicsoft,Único,N/A,,,,,,,,,,,
Cuité,http://www.cuite.pb.gov.br/portal-da-transparencia,http://www.cuite.pb.gov.br/,,Elmar Tecnologia,Único,N/A,,,,,,,,,,,
Cuité de Mamanguape,http://transparencia.cuitedemamanguape.pb.gov.br/,http://www.cuitedemamanguape.pb.gov.br/,,Alfa Consultoria / Publicsoft,Múltiplos,Aspec Informática,,,,,,,,,,,
Cuitegi,http://transparencia.cuitegi.pb.gov.br/,http://cuitegi.pb.gov.br/,,WebCreativ / Publicsoft,Múltiplos,N/A,,,,,,,,,,,
Curral de Cima,http://transparencia.curraldecima.pb.gov.br/,https://www.curraldecima.pb.gov.br/,,Alfa Consultoria / Elmar Tecnologia,Múltiplos,N/A,,,,,,,,,,,
Curral Velho,http://www.siteseticons.com.br/portal/ws/empresa/MDg4ODY5NDcwMDAxNTM=,http://www.curralvelho.pb.gov.br/,,e-TICons,Único,N/A,,,,,,,,,,,
Damião,http://transparencia.damiao.pb.gov.br/,http://www.damiao.pb.gov.br/,,Alfa Consultoria / Elmar Tecnologia,Múltiplos,N/A,,,,,,,,,,,
Desterro,http://www.desterro.pb.gov.br/transparencia/,http://www.desterro.pb.gov.br/,,e-TICons,Único,N/A,,,,,,,,,,,
Diamante,http://portaldatransparencia.publicsoft.com.br/sistemas/ContabilidadePublica/accessdirect.php?link=MLk=,http://www.diamante.pb.gov.br/,,Publicsoft,Único,N/A,,,,,,,,,,,
Dona Inês,http://www.pmdonaines.pb.gov.br/portaldatransparencia/,http://www.pmdonaines.pb.gov.br/,,Publicsoft,Único,Aspec Informática,,,,,,,,,,,
Duas Estradas,http://transparencia.duasestradas.pb.gov.br/,http://www.duasestradas.pb.gov.br/,,Alfa Consultoria / Elmar Tecnologia,Múltiplos,Publicsoft,,,,,,,,,,,
Emas,http://emas.pb.gov.br/assuntos/portal-da-transparencia,http://emas.pb.gov.br/,,EasyWeb / Publicsoft,Múltiplos,N/A,,,,,,,,,,,
Esperança,http://www.transparenciaativa.com.br/Principal.aspx?Entidade=175,http://www.esperanca.pb.gov.br/,,Info Public,Único,N/A,,,,,,,,,,,
Fagundes,http://transparencia.elmar.inf.br/?e=201079,http://fagundes.pb.gov.br/,,Elmar Tecnologia,Único,N/A,,,,,,,,,,,
Frei Martinho,http://www.freimartinho.pb.gov.br/transparenciaexterno.html,http://freimartinho.pb.gov.br/,,Elmar Tecnologia,Único,N/A,,,,,,,,,,,
Gado Bravo,http://www.gadobravo.pb.gov.br/portal-da-transparencia.html,http://www.gadobravo.pb.gov.br/,Dúvida se a Aspec também fornece para o portal atual,Publicsoft / Franinformática / Aspec Informática,Múltiplos,Aspec Informática,,,,,,,,,,,
Guarabira,http://www.guarabira.pb.gov.br/portaldatransparencia/,http://www.guarabira.pb.gov.br/,,Connecta - Tecnologia da Informação / Elmar Tecnologia,Múltiplos,N/A,,,,,,,,,,,
Gurinhém,http://transparencia.gurinhem.pb.gov.br/,http://www.gurinhem.pb.gov.br/,,Alfa Consultoria / Elmar Tecnologia,Múltiplos,Info Public,,,,,,,,,,,
Gurjão,http://portaldatransparencia.lhsystem.com.br/PMG/,http://www.gurjao.pb.gov.br/,,LHSystem / Elmar Tecnologia,Múltiplos,N/A,,,,,,,,,,,
Ibiara,http://portaldatransparencia.publicsoft.com.br/sistemas/ContabilidadePublica/accessdirect.php?link=MLN/,http://www.ibiara.pb.gov.br/,"Gestão Anteriores: http://www.siteseticons.com.br/portal/ws/empresa/MDg5NDMyNjgwMDAxNzk=
",Publicsoft,Único,e-TICons,,,,,,,,,,,
Igaracy,http://siteseticons.com.br/portal/ws/empresa/MDg4ODUxMzkwMDAxNzE=,http://www.igaracy.pb.gov.br/,,e-TICons,Único,N/A,,,,,,,,,,,
Imaculada,http://siteseticons.com.br/portal/ws/empresa/MDg4ODM5NjkwMDAxNjA=,http://www.imaculada.pb.gov.br/,,e-TICons,Único,N/A,,,,,,,,,,,
Ingá,http://inga.pb.gov.br/portal-da-transparencia/,https://inga.pb.gov.br/,,Publicsoft,Único,N/A,,,,,,,,,,,
Itabaiana,http://transparencia.itabaiana.pb.gov.br/,http://itabaiana.pb.gov.br/site/,,Portal Próprio / Elmar Tecnologia ,Múltiplos,N/A,,,,,,,,,,,
Itaporanga,http://itaporanga.pb.gov.br/assuntos/portal-da-transparencia,http://itaporanga.pb.gov.br/,,Publicsoft,Único,N/A,,,,,,,,,,,
Itapororoca,http://transparencia.itapororoca.pb.gov.br/,https://www.itapororoca.pb.gov.br/,,Publicsoft,Único,Aspec Informática,,,,,,,,,,,
Itatuba,http://itatuba.pb.gov.br/portal-transparencia/,http://itatuba.pb.gov.br/,,e-TICons,Único,N/A,,,,,,,,,,,
Jacaraú,http://www.jacarau.pb.gov.br/transparencia/,http://www.jacarau.pb.gov.br/,,e-TICons,Único,N/A,,,,,,,,,,,
Jericó,http://jerico.pb.gov.br/transparencia-municipal/,http://jerico.pb.gov.br,,DC Soluções,Único,N/A,,,,,,,,,,,
João Pessoa,http://transparencia.joaopessoa.pb.gov.br/,http://www.joaopessoa.pb.gov.br/,,Portal Próprio,Único,Portal Próprio,,,,,,,,,,,
Joca Claudino,http://www.softecinformatica.com/transparencia/?i=201175,http://www.jocaclaudino.pb.gov.br/,,Portal Próprio,Único,N/A,,,,,,,,,,,
Juarez Távora,http://www.juareztavora.pb.gov.br/transparencia/,http://www.juareztavora.pb.gov.br/,,e-TICons,Único,N/A,,,,,,,,,,,
Juazeirinho,http://juazeirinho.pb.gov.br/pmj/transparencia-fiscal/,http://juazeirinho.pb.gov.br/pmj/,,Publicsoft,Único,N/A,,,,,,,,,,,
Junco do Seridó,http://juncodoserido.pb.gov.br/assuntos/portal-da-transparencia,http://juncodoserido.pb.gov.br/,,Franinformática / Publicsoft / EasyWeb,Múltiplos,N/A,,,,,,,,,,,
Juripiranga,http://transparencia.juripiranga.pb.gov.br/,http://juripiranga.pb.gov.br/,,Alfa Consultoria / Publicsoft,Múltiplos,Aspec Informática,,,,,,,,,,,
Juru,http://pb.portaldatransparencia.com.br/prefeitura/juru/,http://www.juru.pb.gov.br/,,Publicsoft,Único,N/A,,,,,,,,,,,
Lagoa,http://www.lagoa.pb.gov.br/site/index.php/transparencia-fiscal,http://www.lagoa.pb.gov.br/site/,,Jader Formiga / Publicsoft / Elmar Tecnologia,Múltiplos,N/A,,,,,,,,,,,
Lagoa de Dentro,http://www.lagoadedentro.pb.gov.br/portal-da-transparencia/,http://www.lagoadedentro.pb.gov.br/,,Publicsoft,Único,Aspec Informática,,,,,,,,,,,
Lagoa Seca,http://lagoaseca.pb.gov.br/portal/transparencia-fiscal/,http://lagoaseca.pb.gov.br/,,GJSM / Publicsoft,Múltiplos,N/A,,,,,,,,,,,
Lastro,http://www.lastro.pb.gov.br/transparencia/,http://www.lastro.pb.gov.br/site/,,Publicsoft,Único,N/A,,,,,,,,,,,
Livramento,http://www.livramento.pb.gov.br/site.asp,http://www.casserengue.pb.gov.br/,,Info Public,Único,N/A,,,,,,,,,,,
Logradouro,http://transparencia.logradouro.pb.gov.br/,http://www.logradouro.pb.gov.br/,,Alfa Consultoria / Elmar Tecnologia,Múltiplos,N/A,,,,,,,,,,,
Lucena,http://www.lucena.pb.gov.br/transparencia/,http://www.lucena.pb.gov.br/,,e-TICons,Único,N/A,,,,,,,,,,,
Mãe d'Água,http://portaldatransparencia.publicsoft.com.br/sistemas/ContabilidadePublica/views/views_control/index.php?cidade=MY4=&uf=PB,http://www.maedagua.pb.gov.br/,,Publicsoft,Único,N/A,,,,,,,,,,,
Malta,http://malta.pb.gov.br/assuntos/portal-da-transparencia,http://malta.pb.gov.br/,Só é possível acessar dados de 2017,EasyWeb / e-TICons,Múltiplos,N/A,,,,,,,,,,,
Mamanguape,http://transparencia.mamanguape.pb.gov.br/,http://www.mamanguape.pb.gov.br/,,Alfa Consultoria / Publicsoft,Múltiplos,Aspec Informática,**Levar em consideração site prefeitura,,,,,,,,,,
Manaíra,http://transparencia.elmar.inf.br/?e=201111,http://manaira.pb.gov.br/,,Elmar Tecnologia,Único,N/A,,,,,,,,,,,
Marcação,http://transparencia.marcacao.pb.gov.br/,http://www.marcacao.pb.gov.br/,,Alfa Consultoria,Único,N/A,,,,,,,,,,,
Mari,http://transparencia.mari.pb.gov.br/,https://www.mari.pb.gov.br/,,Info Public,Único,N/A,,,,,,,,,,,
Marizópolis,http://www.marizopolis.pb.gov.br/portal-da-transparencia.html,http://www.marizopolis.pb.gov.br/,,Publicsoft,Único,N/A,,,,,,,,,,,
Massaranduba,http://www.massaranduba.pb.gov.br/transparencia,http://massaranduba.pb.gov.br/,,IMAP,Único,N/A,,,,,,,,,,,
Mataraca,http://www.mataraca.pb.gov.br/portal-da-transparencia/,http://www.mataraca.pb.gov.br/,,Publicsoft,Único,Aspec Informática,,,,,,,,,,,
Matinhas,http://portaldatransparencia.publicsoft.com.br/sistemas/ContabilidadePublica/accessdirect.php?link=NbA=,http://www.matinhas.pb.gov.br/,,Publicsoft,Único,N/A,,,,,,,,,,,
Mato Grosso,http://matogrosso.pb.gov.br/,http://matogrosso.pb.gov.br/,A parte referente ao Portal da Transparência está inserida no portal da prefeitura,DC Soluções / Elmar Tecnologia,Múltiplos,N/A,,,,,,,,,,,
Matureia,http://portaldatransparencia.publicsoft.com.br/sistemas/ContabilidadePublica/accessdirect.php?link=Mtss,http://www.matureia.pb.gov.br/portal/,,Publicsoft,Único,N/A,,,,,,,,,,,
Mogeiro,http://transparencia.mogeiro.pb.gov.br/,http://mogeiro.pb.gov.br/,,Alfa Consultoria / e-TICons,Múltiplos,N/A,,,,,,,,,,,
Montadas,http://portaldatransparencia.publicsoft.com.br/sistemas/ContabilidadePublica/accessdirect.php?link=MLIr,http://www.montadas.pb.gov.br/,,Publicsoft,Único,N/A,,,,,,,,,,,
Monte Horebe,http://transparencia.montehorebe.pb.gov.br/,http://montehorebe.pb.gov.br/,,RedeNet Soluções / Elmar Tecnologia,Múltiplos,N/A,,,,,,,,,,,
Monteiro,http://www.monteiro.pb.gov.br/portal-da-transparencia,http://www.monteiro.pb.gov.br/,,Portal Próprio / Publicsoft,Múltiplos,N/A,,,,,,,,,,,
Mulungu,http://mulungu.pb.gov.br/transparencia/,http://mulungu.pb.gov.br/,,Portal Próprio / e-TICons,Múltiplos,Elmar Tecnologia,,,,,,,,,,,
Natuba,http://transparencia.natuba.pb.gov.br/,http://natuba.pb.gov.br/,,Alfa Consultoria / Publicsoft,Múltiplos,Aspec Informática,,,,,,,,,,,
Nazarezinho,http://nazarezinho.pb.gov.br/transpar%C3%AAncia-p%C3%BAblica/portal-da-transpar%C3%AAncia.html,http://www.nazarezinho.pb.gov.br/,,Publicsoft,Único,N/A,,,,,,,,,,,
Nova Floresta,http://portaldatransparencia.lhsystem.com.br/PMNF/,http://www.novafloresta.pb.gov.br/,,LHSystem / Elmar Tecnologia,Múltiplos,N/A,,,,,,,,,,,
Nova Olinda,http://novaolinda.pb.gov.br/includes/transparencia/transparencia.php,http://www.novaolinda.pb.gov.br/,,Publicsoft,Único,N/A,,,,,,,,,,,
Nova Palmeira,http://transparencia.elmar.inf.br/?e=201129,http://www.novapalmeira.pb.gov.br/,,Elmar Tecnologia,Único,N/A,,,,,,,,,,,
Olho d'Água,http://olhodagua.pb.gov.br/assuntos/portal-da-transparencia,http://olhodagua.pb.gov.br/,,EasyWeb / Publicsoft,Múltiplos,N/A,,,,,,,,,,,
Olivedos,http://www.olivedos.pb.gov.br/transparencia/,http://olivedos.pb.gov.br/,,Publicsoft,Único,N/A,,,,,,,,,,,
Ouro Velho,http://portaldatransparencia.publicsoft.com.br/sistemas/ContabilidadePublica/views/views_control/index.php?cidade=O5w=&uf=PB,http://ourovelho.pb.gov.br/,,Publicsoft,Único,N/A,,,,,,,,,,,
Parari,http://transparenciaativa.com.br/?Entidade=63,http://parari.pb.gov.br/,,Info Public,Único,N/A,,,,,,,,,,,
Passagem,http://passagem.pb.gov.br/assuntos/portal-da-transparencia,http://passagem.pb.gov.br/,,EasyWeb / e-TICons,Múltiplos,N/A,,,,,,,,,,,
Patos,http://patos.pb.gov.br/servicos/portal_da_transparencia,http://patos.pb.gov.br/,,Publicsoft,Único,N/A,,,,,,,,,,,
Paulista,http://paulista.pb.gov.br/assuntos/portal-da-transparencia,http://paulista.pb.gov.br/,,Publicsoft,Único,N/A,,,,,,,,,,,
Pedra Branca,http://pedrabranca.pb.gov.br/includes/transparencia/transparencia.php,http://www.pedrabranca.pb.gov.br/,,Publicsoft,Único,N/A,,,,,,,,,,,
Pedra Lavrada,http://portaldatransparencia.lhsystem.com.br/PMPL/,http://www.pedralavrada.pb.gov.br/,,LHSystem,Único,N/A,,,,,,,,,,,
Pedras de Fogo,http://www.pedrasdefogo.pb.gov.br/acesso-a-informacao/portal-da-transparencia/,http://www.pedrasdefogo.pb.gov.br/,,e-TICons,Único,N/A,,,,,,,,,,,
Pedro Régis,http://transparencia.pedroregis.pb.gov.br/,http://www.pedroregis.pb.gov.br/,,Alfa Consultoria / Publicsoft / Elmar Tecnologia,Múltiplos,Aspec Informática,,,,,,,,,,,
Piancó,http://portaldatransparencia.publicsoft.com.br/sistemas/ContabilidadePublica/accessdirect.php?link=Mtx0,http://www.pianco.pb.gov.br/,,Publicsoft,Único,N/A,,,,,,,,,,,
Picuí,http://www.picui.pb.gov.br/portal-da-transparencia,http://www.picui.pb.gov.br/,,Info Public,Único,N/A,,,,,,,,,,,
Pilar,http://www.pilar.pb.gov.br/transparencia/,http://www.pilar.pb.gov.br/,,Publicsoft,Único,N/A,,,,,,,,,,,
Pilões,http://www.piloes.pb.gov.br/transparencia/,http://www.piloes.pb.gov.br/,,Portal Próprio / Publicsoft,Múltiplos,N/A,,,,,,,,,,,
Pilõezinhos,http://transparencia.piloezinhos.pb.gov.br/,http://www.piloezinhos.pb.gov.br/,Mudou empresa e só é possível acessar dados de 2017,Alfa Consultoria / e-TICons,Múltiplos,N/A,,,,,,,,,,,
Pirpirituba,http://transparencia.pirpirituba.pb.gov.br/,http://www.pirpirituba.pb.gov.br/,,Alfa Consultoria / Elmar Tecnologia,Múltiplos,N/A,,,,,,,,,,,
Pitimbu,http://www.pitimbu.pb.gov.br/portal-da-transparencia,http://www.pitimbu.pb.gov.br/,,Info Public,Único,N/A,,,,,,,,,,,
Pocinhos,http://www.pocinhos.pb.gov.br/,http://www.pocinhos.pb.gov.br/,,Publicsoft,Único,Aspec Informática,,,,,,,,,,,****
Poço Dantas,http://www.pocodantas.pb.gov.br/portal-transparencia/,http://www.pocodantas.pb.gov.br/,,Newsites / Betha Sistemas,Múltiplos,N/A,,,,,,,,,,,
Poço de José de Moura,http://portaldatransparencia.publicsoft.com.br/sistemas/ContabilidadePublica/accessdirect.php?link=N9df,http://pocodejosedemoura.pb.gov.br/,,Publicsoft,Único,N/A,,,,,,,,,,,
Pombal,http://www.pombal.pb.gov.br/site/transparencia/prefeitura/,http://www.pombal.pb.gov.br/site/,,Publicsoft,Único,N/A,,,,,,,,,,,
Prata,http://siteseticons.com.br/portal/ws/empresa/MDkwNzQxMTMwMDAxMDY=,http://prata.pb.gov.br/,,e-TICons,Único,N/A,,,,,,,,,,,
Princesa Isabel,http://www.princesa.pb.gov.br/portal-da-transparencia,http://www.princesa.pb.gov.br/,,Portal Próprio / Elmar Tecnologia ,Múltiplos,N/A,,,,,,,,,,,
Puxinanã,http://www.puxinana.pb.gov.br/portal-da-transparencia,http://www.puxinana.pb.gov.br/,,Publicsoft,Único,N/A,,,,,,,,,,,
Queimadas,http://www.queimadas.pb.gov.br/portal-da-transparencia,http://www.queimadas.pb.gov.br/,,Portal Próprio / Publicsoft,Múltiplos,N/A,,,,,,,,,,,
Quixaba,http://quixaba.pb.gov.br/assuntos/portal-da-transparencia,http://quixaba.pb.gov.br/,,EasyWeb / Publicsoft,Múltiplos,N/A,,,,,,,,,,,
Remígio,http://www.remigio.pb.gov.br/portal-da-transparencia,http://www.remigio.pb.gov.br/,,Publicsoft,Único,N/A,,,,,,,,,,,
Riachão,http://transparencia.riachao.pb.gov.br/,http://www.riachao.pb.gov.br/,,Alfa Consultoria / Publicsoft / Info Public,Múltiplos,Aspec Tecnologia,,,,,,,,,,,
Riachão do Bacamarte,http://riachaodobacamarte.pb.gov.br/portal-da-transparencia/,https://riachaodobacamarte.pb.gov.br/,,Informação Pública / e-TICons,Múltiplos,N/A,,,,,,,,,,,
Riachão do Poço,http://www.riachaodopoco.pb.gov.br/portal-da-transparencia,http://www.riachaodopoco.pb.gov.br/,Abre Modal,Portal Próprio / Publicsoft / e-TICons,Múltiplos,e-TICons,,,,,,,,,,,
Riacho de Santo Antônio,http://www.riachodesantoantonio.pb.gov.br/transparencia/,http://www.riachodesantoantonio.pb.gov.br/,,Conteúdo Design / Info Public / Elmar Tecnologia / Grupo Assesi,Múltiplos,N/A,,,,,,,,,,,
Riacho dos Cavalos,http://riachodoscavalos.pb.gov.br/assuntos/portal-da-transparencia,http://riachodoscavalos.pb.gov.br/,,Elmar Tecnologia,Único,N/A,,,,,,,,,,,
Rio Tinto,http://transparencia.riotinto.pb.gov.br/,http://www.riotinto.pb.gov.br/,,Alfa Consultoria / Elmar Tecnologia,Múltiplos,Aspec Informática / Publicsoft,,,,,,,,,,,
Salgadinho,http://salgadinho.pb.gov.br/assuntos/portal-da-transparencia,http://salgadinho.pb.gov.br/,,EasyWeb / Elmar Tecnologia / Info Public,Múltiplos,N/A,,,,,,,,,,,
Salgado de São Félix,http://transparencia.salgadosaofelix.pb.gov.br/,http://www.salgadosaofelix.pb.gov.br/,,Publicsoft,Único,Aspec Informática,,,,,,,,,,,
Santa Cecília,http://www.santacecilia.pb.gov.br/portal-da-transparencia-municipio/,http://www.santacecilia.pb.gov.br/,,Publicsoft,Único,Aspec Informática,,,,,,,,,,,
Santa Cruz,http://santacruz.pb.gov.br/portal-da-transparencia.html,http://santacruz.pb.gov.br/,,Portal Próprio / Elmar Tecnologia,Múltiplos,N/A,,,,,,,,,,,
Santa Helena,http://transparencia.santahelena.pb.gov.br/,http://santahelena.pb.gov.br/,,Portal Próprio / Publicsoft,Múltiplos,N/A,,,,,,,,,,,
Santa Inês,http://portaldatransparencia.publicsoft.com.br/sistemas/ContabilidadePublica/views/views_control/index.php?cidade=Mto=&uf=PB,http://www.santaines.pb.gov.br/,,Publicsoft,Único,N/A,,,,,,,,,,,
Santa Luzia,http://santaluzia.pb.gov.br/assuntos/portal-da-transparencia,http://www.santaluzia.pb.gov.br/,,Publicsoft,Único,N/A,,,,,,,,,,,
Santa Rita,http://www.santarita.pb.gov.br/s/transparencia,http://www.santarita.pb.gov.br/s/,,e-TICons / Info Public,Múltiplos,Publicsoft,,,,,,,,,,,
Santa Terezinha,http://santaterezinha.pb.gov.br/assuntos/portal-da-transparencia,http://santaterezinha.pb.gov.br/,,EasyWeb / e-TICons,Múltiplos,N/A,,,,,,,,,,,
Santana de Mangueira,http://portaldatransparencia.publicsoft.com.br/sistemas/ContabilidadePublica/accessdirect.php?link=Mt/o,http://www.santanademangueira.pb.gov.br/,,Publicsoft,Único,N/A,,,,,,,,,,,
Santana dos Garrotes,http://portaldatransparencia.publicsoft.com.br/sistemas/ContabilidadePublica/accessdirect.php?link=NGk=,http://www.santanadosgarrotes.pb.gov.br/,,Publicsoft,Único,N/A,,,,,,,,,,,
Santo André,http://portaldatransparencia.lhsystem.com.br/PMSA/,http://www.santoandre.pb.gov.br/,,LHSystem / Elmar Tecnologia,Múltiplos,Info Public,,,,,,,,,,,
São Bentinho,http://www.siteseticons.com.br/portal/ws/empresa/MDE2MTI2OTAwMDAxMDA=,https://www.saobentinho.pb.gov.br/,,e-TICons,Único,N/A,,,,,,,,,,,
São Bento,http://transparencia.saobento.pb.gov.br/,http://www.saobento.pb.gov.br/,O portal da transparência do município está com problema no acesso aos dados (04/12/2017),Alfa Consultoria,Único,,,,,,,,,,,,
São Domingos,http://transparencia.saodomingos.pb.gov.br/,http://www.saodomingos.pb.gov.br/home/,,SD NetWord / Elmar Tecnologia / Portal Próprio,Múltiplos,N/A,,,,,,,,,,,
São Domingos do Cariri,http://transparencia.elmar.inf.br/?e=201180,http://www.saodomingosdocariri.pb.gov.br/site/,,Elmar Tecnologia,Único,N/A,,,,,,,,,,,
São Francisco,http://www.saofrancisco.pb.gov.br/portal-da-transparencia.html,http://www.saofrancisco.pb.gov.br/,,Portal Próprio / Elmar Tecnologia,Múltiplos,N/A,,,,,,,,,,,
São João do Cariri,http://portaldatransparencia.publicsoft.com.br/sistemas/ContabilidadePublica/accessdirect.php?link=ML05,http://www.saojoaodocariri.pb.gov.br/,,Publicsoft,Único,N/A,,,,,,,,,,,
São João do Rio do Peixe,http://www.sjrp.pb.gov.br/,http://www.sjrp.pb.gov.br/,"Sem acesso 30/11/2017, 16:16",,,,,,,,,,,,,,
São João do Tigre,http://siteseticons.com.br/portal/ws/empresa/MDkwNzQ1OTIwMDAxNjA=,http://www.saojoaodotigre.pb.gov.br/,,e-TICons,Único,N/A,,,,,,,,,,,
São José da Lagoa Tapada,http://www.saojoselt.pb.gov.br/portal-da-transparencia.html,http://www.saojoselt.pb.gov.br/,,Elmar Tecnologia,Único,N/A,,,,,,,,,,,
São José de Caiana,http://siteseticons.com.br/portal/ws/empresa/MDg4OTE1NDEwMDAxNjk=,http://www.saojosedecaiana.pb.gov.br/,,e-TICons,Único,N/A,,,,,,,,,,,
São José de Espinharas,http://saojosedeespinharas.pb.gov.br/assuntos/portal-da-transparencia,http://saojosedeespinharas.pb.gov.br/,,e-TICons / Publicsoft,Múltiplos,N/A,,,,,,,,,,,
São José de Piranhas,http://www.saojosedepiranhas.pb.gov.br/portal-da-transparencia.html,http://www.saojosedepiranhas.pb.gov.br/,,Elmar Tecnologia,Único,N/A,,,,,,,,,,,
São José de Princesa,http://www.saojosedeprincesa.pb.gov.br/transparencia/,http://www.saojosedeprincesa.pb.gov.br/,,Portal Próprio / e-TICons,Múltiplos,N/A,,,,,,,,,,,
São José do Bonfim,http://saojosedobonfim.pb.gov.br/assuntos/portal-da-transparencia,http://saojosedobonfim.pb.gov.br/,,EasyWeb / e-TICons,Múltiplos,N/A,,,,,,,,,,,
São José do Brejo do Cruz,http://saojosedobrejodocruz.pb.gov.br/portal-de-transparencia-municipal/,http://saojosedobrejodocruz.pb.gov.br/,,Portal Próprio,Único,N/A,,,,,,,,,,,
São José do Sabugi,http://saojosedosabugi.pb.gov.br/assuntos/portal-da-transparencia,http://saojosedosabugi.pb.gov.br/,,EasyWeb / Publicsoft,Múltiplos,N/A,,,,,,,,,,,
São José dos Cordeiros,http://transparenciaativa.com.br/?Entidade=71,http://www.saojosedoscordeiros.pb.gov.br/,,Info Public,Único,N/A,,,,,,,,,,,
São José dos Ramos,http://www.transparenciaativa.com.br/Principal.aspx?Entidade=22,http://www.saojosedosramos.pb.gov.br/,,Info Public,Único,N/A,,,,,,,,,,,
São Mamede,http://saomamede.pb.gov.br/assuntos/portal-da-transparencia,http://saomamede.pb.gov.br/,,e-TICons,Único,N/A,,,,,,,,,,,
São Miguel de Taipu,http://www.saomigueldetaipu.pb.gov.br/portal-da-transparencia.html,http://www.saomigueldetaipu.pb.gov.br/,,Portal Próprio / Publicsoft,Múltiplos,N/A,,,,,,,,,,,
São Sebastião de Lagoa de Roça,http://www.transparenciaativa.com.br/Principal.aspx?Entidade=99,http://www.lagoaderoca.pb.gov.br/,,Info Public,Único,N/A,,,,,,,,,,,
São Sebastião do Umbuzeiro,http://siteseticons.com.br/portal/ws/empresa/MDkwNzQ5OTgwMDAxNDM,http://www.ssdoumbuzeiro.pb.gov.br/,,e-TICons,Único,N/A,,,,,,,,,,,
São Vicente do Seridó,http://transparencia.saovicentedoserido.pb.gov.br/,http://www.saovicentedoserido.pb.gov.br/,,Alfa Consultoria / Publicsoft,Múltiplos,N/A,,,,,,,,,,,
Sapé,http://www.sape.pb.gov.br/portal-da-transparencia.html,http://www.sape.pb.gov.br/,,Elmar Tecnologia,Único,N/A,,,,,,,,,,,
Serra Branca,http://www.serrabranca.pb.gov.br/sb/,http://www.serrabranca.pb.gov.br/,Não consegue acessar pela URL,e-TICons,Único,Elmar Tecnologia,,,,,,,,,,,
Serra da Raiz,http://transparencia.serradaraiz.pb.gov.br/,http://www.serradaraiz.pb.gov.br/,,Alfa Consultoria / Info Public,Múltiplos,N/A,,,,,,,,,,,
Serra Grande,http://serragrande.pb.gov.br/assuntos/portal-da-transparencia,http://serragrande.pb.gov.br/,,EasyWeb / Publicsoft,Múltiplos,N/A,,,,,,,,,,,
Serra Redonda,http://serraredonda.pb.gov.br/portal-da-transparencia/,https://serraredonda.pb.gov.br/,,Informação Pública / e-TICons,Múltiplos,N/A,,,,,,,,,,,
Serraria,http://transparencia.serraria.pb.gov.br/,http://www.serraria.pb.gov.br/,,Alfa Consultoria / Elmar Tecnologia,Múltiplos,N/A,,,,,,,,,,,
Sertãozinho,http://transparencia.sertaozinho.pb.gov.br/,http://www.sertaozinho.pb.gov.br/,,Alfa Consultoria / Elmar Tecnologia / Betha Sistemas,Múltiplos,N/A,,,,,,,,,,,
Sobrado,http://sobrado.pb.gov.br/assuntos/portal-da-transparencia,http://sobrado.pb.gov.br/,,Publicsoft,Único,N/A,,,,,,,,,,,
Solânea,http://www.solanea.pb.gov.br/portal-da-transparencia,http://www.solanea.pb.gov.br/,,Publicsoft,Único,N/A,,,,,,,,,,,
Soledade,http://transparencia.soledade.pb.gov.br/,http://www.soledade.pb.gov.br/,,Alfa Consultoria / Elmar Tecnologia,Múltiplos,N/A,,,,,,,,,,,
Sossêgo,http://www.sossego.pb.gov.br/portal-da-transparencia,http://www.sossego.pb.gov.br/,,Portal Próprio / Info Public,Múltiplos,N/A,,,,,,,,,,,
Sousa,http://www.sousa.pb.gov.br/cont.php?pagina=transparencia,http://www.sousa.pb.gov.br/,,Publicsoft,Único,N/A,,,,,,,,,,,
Sumé,http://www.sume.pb.gov.br/transparencia/,http://www.sume.pb.gov.br/,,Portal Próprio,Único,Elmar Tecnologia,,,,,,,,,,,
Tacima,http://pmtacima.pb.gov.br/transparencia,http://www.pmtacima.pb.gov.br/,,Elmar Tecnologia,Único,N/A,,,,,,,,,,,
Taperoá,http://taperoa.pb.gov.br/assuntos/portal-da-transparencia,http://taperoa.pb.gov.br/,,e-TICons,Único,N/A,,,,,,,,,,,
Tavares,http://tavares.pb.gov.br/assuntos/portal-da-transparencia,http://tavares.pb.gov.br/,,Elmar Tecnologia,Único,N/A,,,,,,,,,,,
Teixeira,http://portaldatransparencia.publicsoft.com.br/sistemas/ContabilidadePublica/controleDeAcessoAsConsultas.php?access_direct=Nbc=,http://www.teixeira.pb.gov.br/site/,,Publicsoft,Único,N/A,,,,,,,,,,,
Tenório,http://portaldatransparencia.publicsoft.com.br/sistemas/ContabilidadePublica/views/views_control/index.php?cidade=MLg=&uf=PB,http://tenorio.pb.gov.br/,,Softgov / Publicsoft,Múltiplos,N/A,,,,,,,,,,,
Triunfo,http://www.triunfo.pb.gov.br/portal-da-transparencia/,http://www.triunfo.pb.gov.br/,,Newsites,Único,N/A,,,,,,,,,,,
Uiraúna,http://www.uirauna.pb.gov.br/portal-da-transparencia/,http://www.uirauna.pb.gov.br/,,Elmar Tecnologia,Único,N/A,,,,,,,,,,,
Umbuzeiro,http://transparenciaativa.com.br/?Entidade=189,http://www.umbuzeiro.pb.gov.br/,,Info Public,Único,N/A,,,,,,,,,,,
Várzea,http://varzea.pb.gov.br/assuntos/portal-da-transparencia,http://varzea.pb.gov.br/,,EasyWeb / e-TICons / Publicsoft,Múltiplos,N/A,,,,,,,,,,,
Vieirópolis,http://www.vieiropolis.pb.gov.br/portal-da-transparencia.html,http://www.vieiropolis.pb.gov.br/,,Publicsoft,Único,N/A,,,,,,,,,,,
Vista Serrana,http://vistaserrana.pb.gov.br/assuntos/portal-da-transparencia,http://vistaserrana.pb.gov.br/,,EasyWeb / e-TICons,Múltiplos,N/A,,,,,,,,,,,
Zabelê,http://www.zabele.pb.gov.br/portaltransparencia/,http://zabele.pb.gov.br/,,Portal Próprio / e-TICons,Múltiplos,N/A,,,,,,,,,,,
