id,item,municipio,criterio,aproach,date,valid,contNodeNumberAccess,found,pathSought,durationMin,duration,tipo_exp
5defeb3c82139d3618822c6e,valor,Campina Grande,Despesa Extra Orçamentária,bandit,2019-12-10T18:59:56Z,TRUE,13,TRUE,http://portaldatransparencia.publicsoftsolutions.com/sistemas/ContabilidadePublica/views/Empenho/FormEmpDespesasExtrasOrc.php,13,768100,less_itens
5defeb3c82139d3618822c6f,codigo,Campina Grande,Despesa Extra Orçamentária,bandit,2019-12-10T18:59:56Z,TRUE,13,TRUE,http://portaldatransparencia.publicsoftsolutions.com/sistemas/ContabilidadePublica/views/Empenho/FormEmpDespesasExtrasOrc.php,13,768100,less_itens
5defeb3c82139d3618822c70,nomenclatura,Campina Grande,Despesa Extra Orçamentária,bandit,2019-12-10T18:59:56Z,TRUE,13,TRUE,http://portaldatransparencia.publicsoftsolutions.com/sistemas/ContabilidadePublica/views/Empenho/FormEmpDespesasExtrasOrc.php,13,768100,less_itens
5defeb3d82139d3618822c71,funcao,Campina Grande,Despesa Orçamentária,bandit,2019-12-10T18:59:56Z,TRUE,13,TRUE,http://portaldatransparencia.publicsoftsolutions.com/sistemas/ContabilidadePublica/views/Empenho/resultadoConsultaGridPCEmpEmpenho.php,13,766618,less_itens
5defeb3d82139d3618822c72,sub_funcao,Campina Grande,Despesa Orçamentária,bandit,2019-12-10T18:59:56Z,TRUE,13,TRUE,http://portaldatransparencia.publicsoftsolutions.com/sistemas/ContabilidadePublica/views/Empenho/FormEmpEmpenhos.php,13,766618,less_itens
5defeb3d82139d3618822c73,orgao_or_uni_orcamentaria,Campina Grande,Despesa Orçamentária,bandit,2019-12-10T18:59:56Z,TRUE,13,TRUE,http://portaldatransparencia.publicsoftsolutions.com/sistemas/ContabilidadePublica/views/Empenho/FormEmpEmpenhos.php,13,766618,less_itens
5defeb3d82139d3618822c74,programa,Campina Grande,Despesa Orçamentária,bandit,2019-12-10T18:59:56Z,TRUE,13,TRUE,http://portaldatransparencia.publicsoftsolutions.com/sistemas/ContabilidadePublica/views/Empenho/FormEmpEmpenhos.php,13,766618,less_itens
5defeb3d82139d3618822c75,categoria_economica,Campina Grande,Despesa Orçamentária,bandit,2019-12-10T18:59:56Z,TRUE,13,TRUE,http://portaldatransparencia.publicsoftsolutions.com/sistemas/ContabilidadePublica/views/Empenho/FormEmpEmpenhos.php,13,766618,less_itens
5defeb3d82139d3618822c76,acao,Campina Grande,Despesa Orçamentária,bandit,2019-12-10T18:59:56Z,TRUE,13,TRUE,http://portaldatransparencia.publicsoftsolutions.com/sistemas/ContabilidadePublica/views/Empenho/FormEmpEmpenhos.php,13,766618,less_itens
5defeb3d82139d3618822c77,natureza_despesa,Campina Grande,Despesa Orçamentária,bandit,2019-12-10T18:59:56Z,TRUE,13,TRUE,http://portaldatransparencia.publicsoftsolutions.com/sistemas/ContabilidadePublica/views/Empenho/FormEmpEmpenhos.php,13,766618,less_itens
5defeb3d82139d3618822c78,modalidade,Campina Grande,Despesa Orçamentária,bandit,2019-12-10T18:59:56Z,TRUE,13,TRUE,http://portaldatransparencia.publicsoftsolutions.com/sistemas/ContabilidadePublica/views/Empenho/FormEmpEmpenhos.php,13,766618,less_itens
5defeb3d82139d3618822c79,elemento,Campina Grande,Despesa Orçamentária,bandit,2019-12-10T18:59:56Z,TRUE,13,TRUE,http://portaldatransparencia.publicsoftsolutions.com/sistemas/ContabilidadePublica/views/Empenho/FormEmpEmpenhos.php,13,766618,less_itens
5defeb3d82139d3618822c7a,emp_numero,Campina Grande,Despesa Orçamentária,bandit,2019-12-10T18:59:56Z,TRUE,13,TRUE,http://portaldatransparencia.publicsoftsolutions.com/sistemas/ContabilidadePublica/views/Empenho/FormEmpEmpenhos.php,13,766618,less_itens
5defeb3d82139d3618822c7b,emp_data,Campina Grande,Despesa Orçamentária,bandit,2019-12-10T18:59:56Z,TRUE,13,TRUE,http://portaldatransparencia.publicsoftsolutions.com/sistemas/ContabilidadePublica/views/Empenho/FormEmpEmpenhos.php,13,766618,less_itens
5defeb3d82139d3618822c7c,emp_cnpj_cpf,Campina Grande,Despesa Orçamentária,bandit,2019-12-10T18:59:56Z,TRUE,13,TRUE,http://portaldatransparencia.publicsoftsolutions.com/sistemas/ContabilidadePublica/views/Empenho/FormEmpEmpenhos.php,13,766618,less_itens
5defeb3d82139d3618822c7d,emp_indicacao_licitacao,Campina Grande,Despesa Orçamentária,bandit,2019-12-10T18:59:56Z,TRUE,13,TRUE,http://portaldatransparencia.publicsoftsolutions.com/sistemas/ContabilidadePublica/views/Empenho/FormEmpEmpenhos.php,13,766618,less_itens
5defeb3d82139d3618822c7e,emp_valor,Campina Grande,Despesa Orçamentária,bandit,2019-12-10T18:59:56Z,TRUE,13,TRUE,http://portaldatransparencia.publicsoftsolutions.com/sistemas/ContabilidadePublica/views/Empenho/FormEmpEmpenhos.php,13,766618,less_itens
5defeb3d82139d3618822c7f,valor_fixado,Campina Grande,Despesa Orçamentária,bandit,2019-12-10T18:59:56Z,TRUE,13,TRUE,http://portaldatransparencia.publicsoftsolutions.com/sistemas/ContabilidadePublica/views/Empenho/FormEmpEmpenhos.php,13,766618,less_itens
5defeb3d82139d3618822c80,valor_liquidado,Campina Grande,Despesa Orçamentária,bandit,2019-12-10T18:59:56Z,TRUE,13,TRUE,http://portaldatransparencia.publicsoftsolutions.com/sistemas/ContabilidadePublica/views/Empenho/FormEmpEmpenhos.php,13,766618,less_itens
5defeb3d82139d3618822c81,valor_pago,Campina Grande,Despesa Orçamentária,bandit,2019-12-10T18:59:56Z,TRUE,13,TRUE,http://portaldatransparencia.publicsoftsolutions.com/sistemas/ContabilidadePublica/views/Empenho/FormEmpEmpenhos.php,13,766618,less_itens
5defeb3d82139d3618822c82,lic_data_pag_ultima,Campina Grande,Despesa Orçamentária,bandit,2019-12-10T18:59:56Z,TRUE,13,TRUE,http://portaldatransparencia.publicsoftsolutions.com/sistemas/ContabilidadePublica/views/Empenho/FormEmpEmpenhos.php,13,766618,less_itens
5defeb3d82139d3618822c83,sub_elemento,Campina Grande,Despesa Orçamentária,bandit,2019-12-10T18:59:56Z,TRUE,13,TRUE,http://portaldatransparencia.publicsoftsolutions.com/sistemas/ContabilidadePublica/views/Empenho/FormEmpEmpenhos.php,13,766618,less_itens
5defeb3d82139d3618822c84,lic_modalidade,Campina Grande,Despesa Orçamentária,bandit,2019-12-10T18:59:56Z,TRUE,13,TRUE,http://portaldatransparencia.publicsoftsolutions.com/sistemas/ContabilidadePublica/views/Empenho/FormEmpEmpenhos.php,13,766618,less_itens
5defeb3d82139d3618822c85,lic_numero,Campina Grande,Despesa Orçamentária,bandit,2019-12-10T18:59:56Z,TRUE,13,TRUE,http://portaldatransparencia.publicsoftsolutions.com/sistemas/ContabilidadePublica/views/Empenho/FormEmpEmpenhos.php,13,766618,less_itens
5defeb3d82139d3618822c86,lic_num_contrato,Campina Grande,Despesa Orçamentária,bandit,2019-12-10T18:59:56Z,TRUE,13,TRUE,http://portaldatransparencia.publicsoftsolutions.com/sistemas/ContabilidadePublica/views/Empenho/FormEmpEmpenhos.php,13,766618,less_itens
5defeb3d82139d3618822c87,nome,Campina Grande,Despesa Orçamentária,bandit,2019-12-10T18:59:56Z,TRUE,13,TRUE,http://portaldatransparencia.publicsoftsolutions.com/sistemas/ContabilidadePublica/views/Empenho/FormEmpEmpenhos.php,13,766618,less_itens
5defeb3e82139d3618822c88,valor,Campina Grande,Receita Extra Orçamentária,bandit,2019-12-10T18:59:56Z,FALSE,13,FALSE,,12,720320,less_itens
5defeb3e82139d3618822c89,codigo,Campina Grande,Receita Extra Orçamentária,bandit,2019-12-10T18:59:56Z,FALSE,13,FALSE,,12,720320,less_itens
5defeb3e82139d3618822c8a,nomenclatura,Campina Grande,Receita Extra Orçamentária,bandit,2019-12-10T18:59:56Z,FALSE,13,FALSE,,12,720320,less_itens
5defeb4082139d3618822c8b,uni_gestora,Campina Grande,Receita Orçamentária,bandit,2019-12-10T18:59:56Z,FALSE,13,FALSE,,12,748271,less_itens
5defeb4082139d3618822c8c,previsao,Campina Grande,Receita Orçamentária,bandit,2019-12-10T18:59:56Z,FALSE,13,FALSE,,12,748271,less_itens
5defeb4082139d3618822c8d,arrecadacao,Campina Grande,Receita Orçamentária,bandit,2019-12-10T18:59:56Z,FALSE,13,FALSE,,12,748271,less_itens
5defeb4082139d3618822c8e,lancado,Campina Grande,Receita Orçamentária,bandit,2019-12-10T18:59:56Z,FALSE,13,FALSE,,12,748271,less_itens
5defeb4082139d3618822c8f,categoria_economica,Campina Grande,Receita Orçamentária,bandit,2019-12-10T18:59:56Z,FALSE,13,FALSE,,12,748271,less_itens
5defeb4082139d3618822c90,origem,Campina Grande,Receita Orçamentária,bandit,2019-12-10T18:59:56Z,FALSE,13,FALSE,,12,748271,less_itens
5defeb4182139d3618822c91,numero_licitacao,Campina Grande,Licitação,bandit,2019-12-10T18:59:56Z,TRUE,17,TRUE,http://portaldatransparencia.publicsoftsolutions.com/sistemas/ContabilidadePublica/views/Licitacao/FormCPRCLicitacao.php,27,1634126,less_itens
5defeb4182139d3618822c92,objeto_licitacao,Campina Grande,Licitação,bandit,2019-12-10T18:59:56Z,TRUE,17,TRUE,http://portaldatransparencia.publicsoftsolutions.com/sistemas/ContabilidadePublica/views/LicitacaoV2/Licitacoes.php,27,1634126,less_itens
5defeb4182139d3618822c93,modalidade_licitacao,Campina Grande,Licitação,bandit,2019-12-10T18:59:56Z,TRUE,17,TRUE,http://portaldatransparencia.publicsoftsolutions.com/sistemas/ContabilidadePublica/views/LicitacaoV2/Licitacoes.php,27,1634126,less_itens
5defeb4182139d3618822c94,data_publicacao_licitacao,Campina Grande,Licitação,bandit,2019-12-10T18:59:56Z,TRUE,17,TRUE,http://portaldatransparencia.publicsoftsolutions.com/sistemas/ContabilidadePublica/views/LicitacaoV2/Licitacoes.php,27,1634126,less_itens
5defeb4182139d3618822c95,valor,Campina Grande,Licitação,bandit,2019-12-10T18:59:56Z,TRUE,17,TRUE,http://portaldatransparencia.publicsoftsolutions.com/sistemas/ContabilidadePublica/views/?url=LicitacaoV2/Licitacoes.php&urlorigem=http://transparencia.campinagrande.pb.gov.br/licitacoes/,27,1634126,less_itens
5defeb4182139d3618822c96,cnpj_cpf,Campina Grande,Licitação,bandit,2019-12-10T18:59:56Z,TRUE,17,TRUE,http://portaldatransparencia.publicsoftsolutions.com/sistemas/ContabilidadePublica/views/LicitacaoV2/Licitacoes.php,27,1634126,less_itens
5defeb4182139d3618822c97,data_realizacao,Campina Grande,Licitação,bandit,2019-12-10T18:59:56Z,FALSE,17,TRUE,http://portaldatransparencia.publicsoftsolutions.com/sistemas/ContabilidadePublica/views/Licitacao/FormCPRCLicitacao.php,27,1634126,less_itens
5defeb4182139d3618822c98,setor_interessado,Campina Grande,Licitação,bandit,2019-12-10T18:59:56Z,TRUE,17,TRUE,http://portaldatransparencia.publicsoftsolutions.com/sistemas/ContabilidadePublica/views/LicitacaoV2/Licitacoes.php,27,1634126,less_itens
5defeb4282139d3618822c99,nome,Campina Grande,Quadro Pessoal,bandit,2019-12-10T18:59:56Z,TRUE,2,TRUE,https://sagresonline.tce.pb.gov.br/#/municipal/pessoal/servidores,1,38657,less_itens
5defeb4282139d3618822c9a,cpf,Campina Grande,Quadro Pessoal,bandit,2019-12-10T18:59:56Z,TRUE,2,TRUE,https://sagresonline.tce.pb.gov.br/#/municipal/pessoal/servidores,1,38657,less_itens
5defeb4282139d3618822c9b,cargo,Campina Grande,Quadro Pessoal,bandit,2019-12-10T18:59:56Z,TRUE,2,TRUE,https://sagresonline.tce.pb.gov.br/#/municipal/pessoal/servidores,1,38657,less_itens
5defeb4282139d3618822c9c,tipo_cargo,Campina Grande,Quadro Pessoal,bandit,2019-12-10T18:59:56Z,TRUE,2,TRUE,https://sagresonline.tce.pb.gov.br/#/municipal/pessoal/servidores,1,38657,less_itens
5defeb4282139d3618822c9d,salario_cargo,Campina Grande,Quadro Pessoal,bandit,2019-12-10T18:59:56Z,TRUE,2,TRUE,https://sagresonline.tce.pb.gov.br/#/municipal/pessoal/servidores,1,38657,less_itens
5defeb58f49ff7375aa8ebca,funcao,Campina Grande,Despesa Orçamentária,bfs,2019-12-10T19:00:26Z,TRUE,15,TRUE,http://portaldatransparencia.publicsoftsolutions.com/sistemas/ContabilidadePublica/views/Empenho/resultadoConsultaGridPCEmpEmpenho.php,15,916045,less_itens
5defeb58f49ff7375aa8ebcb,sub_funcao,Campina Grande,Despesa Orçamentária,bfs,2019-12-10T19:00:26Z,TRUE,15,TRUE,http://portaldatransparencia.publicsoftsolutions.com/sistemas/ContabilidadePublica/views/Empenho/FormEmpEmpenhos.php,15,916045,less_itens
5defeb58f49ff7375aa8ebcc,orgao_or_uni_orcamentaria,Campina Grande,Despesa Orçamentária,bfs,2019-12-10T19:00:26Z,TRUE,15,TRUE,http://portaldatransparencia.publicsoftsolutions.com/sistemas/ContabilidadePublica/views/Empenho/FormEmpEmpenhos.php,15,916045,less_itens
5defeb58f49ff7375aa8ebcd,programa,Campina Grande,Despesa Orçamentária,bfs,2019-12-10T19:00:26Z,TRUE,15,TRUE,http://portaldatransparencia.publicsoftsolutions.com/sistemas/ContabilidadePublica/views/Empenho/FormEmpEmpenhos.php,15,916045,less_itens
5defeb58f49ff7375aa8ebce,categoria_economica,Campina Grande,Despesa Orçamentária,bfs,2019-12-10T19:00:26Z,TRUE,15,TRUE,http://portaldatransparencia.publicsoftsolutions.com/sistemas/ContabilidadePublica/views/Empenho/FormEmpEmpenhos.php,15,916045,less_itens
5defeb58f49ff7375aa8ebcf,acao,Campina Grande,Despesa Orçamentária,bfs,2019-12-10T19:00:26Z,TRUE,15,TRUE,http://portaldatransparencia.publicsoftsolutions.com/sistemas/ContabilidadePublica/views/Empenho/FormEmpEmpenhos.php,15,916045,less_itens
5defeb58f49ff7375aa8ebd0,natureza_despesa,Campina Grande,Despesa Orçamentária,bfs,2019-12-10T19:00:26Z,TRUE,15,TRUE,http://portaldatransparencia.publicsoftsolutions.com/sistemas/ContabilidadePublica/views/Empenho/FormEmpEmpenhos.php,15,916045,less_itens
5defeb58f49ff7375aa8ebd1,modalidade,Campina Grande,Despesa Orçamentária,bfs,2019-12-10T19:00:26Z,TRUE,15,TRUE,http://portaldatransparencia.publicsoftsolutions.com/sistemas/ContabilidadePublica/views/Empenho/FormEmpEmpenhos.php,15,916045,less_itens
5defeb58f49ff7375aa8ebd2,elemento,Campina Grande,Despesa Orçamentária,bfs,2019-12-10T19:00:26Z,TRUE,15,TRUE,http://portaldatransparencia.publicsoftsolutions.com/sistemas/ContabilidadePublica/views/Empenho/FormEmpEmpenhos.php,15,916045,less_itens
5defeb58f49ff7375aa8ebd3,emp_numero,Campina Grande,Despesa Orçamentária,bfs,2019-12-10T19:00:26Z,TRUE,15,TRUE,http://portaldatransparencia.publicsoftsolutions.com/sistemas/ContabilidadePublica/views/Empenho/FormEmpEmpenhos.php,15,916045,less_itens
5defeb58f49ff7375aa8ebd4,emp_data,Campina Grande,Despesa Orçamentária,bfs,2019-12-10T19:00:26Z,TRUE,15,TRUE,http://portaldatransparencia.publicsoftsolutions.com/sistemas/ContabilidadePublica/views/Empenho/FormEmpEmpenhos.php,15,916045,less_itens
5defeb58f49ff7375aa8ebd5,emp_cnpj_cpf,Campina Grande,Despesa Orçamentária,bfs,2019-12-10T19:00:26Z,TRUE,15,TRUE,http://portaldatransparencia.publicsoftsolutions.com/sistemas/ContabilidadePublica/views/Empenho/FormEmpEmpenhos.php,15,916045,less_itens
5defeb58f49ff7375aa8ebd6,emp_indicacao_licitacao,Campina Grande,Despesa Orçamentária,bfs,2019-12-10T19:00:26Z,TRUE,15,TRUE,http://portaldatransparencia.publicsoftsolutions.com/sistemas/ContabilidadePublica/views/Empenho/FormEmpEmpenhos.php,15,916045,less_itens
5defeb58f49ff7375aa8ebd7,emp_valor,Campina Grande,Despesa Orçamentária,bfs,2019-12-10T19:00:26Z,TRUE,15,TRUE,http://portaldatransparencia.publicsoftsolutions.com/sistemas/ContabilidadePublica/views/Empenho/FormEmpEmpenhos.php,15,916045,less_itens
5defeb58f49ff7375aa8ebd8,valor_fixado,Campina Grande,Despesa Orçamentária,bfs,2019-12-10T19:00:26Z,TRUE,15,TRUE,http://portaldatransparencia.publicsoftsolutions.com/sistemas/ContabilidadePublica/views/Empenho/FormEmpEmpenhos.php,15,916045,less_itens
5defeb58f49ff7375aa8ebd9,valor_liquidado,Campina Grande,Despesa Orçamentária,bfs,2019-12-10T19:00:26Z,TRUE,15,TRUE,http://portaldatransparencia.publicsoftsolutions.com/sistemas/ContabilidadePublica/views/Empenho/FormEmpEmpenhos.php,15,916045,less_itens
5defeb58f49ff7375aa8ebda,valor_pago,Campina Grande,Despesa Orçamentária,bfs,2019-12-10T19:00:26Z,TRUE,15,TRUE,http://portaldatransparencia.publicsoftsolutions.com/sistemas/ContabilidadePublica/views/Empenho/FormEmpEmpenhos.php,15,916045,less_itens
5defeb58f49ff7375aa8ebdb,lic_data_pag_ultima,Campina Grande,Despesa Orçamentária,bfs,2019-12-10T19:00:26Z,TRUE,15,TRUE,http://portaldatransparencia.publicsoftsolutions.com/sistemas/ContabilidadePublica/views/Empenho/FormEmpEmpenhos.php,15,916045,less_itens
5defeb58f49ff7375aa8ebdc,sub_elemento,Campina Grande,Despesa Orçamentária,bfs,2019-12-10T19:00:26Z,TRUE,15,TRUE,http://portaldatransparencia.publicsoftsolutions.com/sistemas/ContabilidadePublica/views/Empenho/FormEmpEmpenhos.php,15,916045,less_itens
5defeb58f49ff7375aa8ebdd,lic_modalidade,Campina Grande,Despesa Orçamentária,bfs,2019-12-10T19:00:26Z,TRUE,15,TRUE,http://portaldatransparencia.publicsoftsolutions.com/sistemas/ContabilidadePublica/views/Empenho/FormEmpEmpenhos.php,15,916045,less_itens
5defeb58f49ff7375aa8ebde,lic_numero,Campina Grande,Despesa Orçamentária,bfs,2019-12-10T19:00:26Z,TRUE,15,TRUE,http://portaldatransparencia.publicsoftsolutions.com/sistemas/ContabilidadePublica/views/Empenho/FormEmpEmpenhos.php,15,916045,less_itens
5defeb58f49ff7375aa8ebdf,lic_num_contrato,Campina Grande,Despesa Orçamentária,bfs,2019-12-10T19:00:26Z,TRUE,15,TRUE,http://portaldatransparencia.publicsoftsolutions.com/sistemas/ContabilidadePublica/views/Empenho/FormEmpEmpenhos.php,15,916045,less_itens
5defeb58f49ff7375aa8ebe0,nome,Campina Grande,Despesa Orçamentária,bfs,2019-12-10T19:00:26Z,TRUE,15,TRUE,http://portaldatransparencia.publicsoftsolutions.com/sistemas/ContabilidadePublica/views/Empenho/FormEmpEmpenhos.php,15,916045,less_itens
5defeb5df49ff7375aa8ebe1,valor,Campina Grande,Despesa Extra Orçamentária,bfs,2019-12-10T19:00:26Z,TRUE,14,TRUE,http://portaldatransparencia.publicsoftsolutions.com/sistemas/ContabilidadePublica/views/Empenho/FormEmpDespesasExtrasOrc.php,15,876142,less_itens
5defeb5df49ff7375aa8ebe2,codigo,Campina Grande,Despesa Extra Orçamentária,bfs,2019-12-10T19:00:26Z,TRUE,14,TRUE,http://portaldatransparencia.publicsoftsolutions.com/sistemas/ContabilidadePublica/views/Empenho/FormEmpDespesasExtrasOrc.php,15,876142,less_itens
5defeb5df49ff7375aa8ebe3,nomenclatura,Campina Grande,Despesa Extra Orçamentária,bfs,2019-12-10T19:00:26Z,TRUE,14,TRUE,http://portaldatransparencia.publicsoftsolutions.com/sistemas/ContabilidadePublica/views/Empenho/FormEmpDespesasExtrasOrc.php,15,876142,less_itens
5defeb5ef49ff7375aa8ebe4,uni_gestora,Campina Grande,Receita Orçamentária,bfs,2019-12-10T19:00:26Z,FALSE,13,FALSE,,12,747564,less_itens
5defeb5ef49ff7375aa8ebe5,previsao,Campina Grande,Receita Orçamentária,bfs,2019-12-10T19:00:26Z,FALSE,13,FALSE,,12,747564,less_itens
5defeb5ef49ff7375aa8ebe6,arrecadacao,Campina Grande,Receita Orçamentária,bfs,2019-12-10T19:00:26Z,FALSE,13,FALSE,,12,747564,less_itens
5defeb5ef49ff7375aa8ebe7,lancado,Campina Grande,Receita Orçamentária,bfs,2019-12-10T19:00:26Z,FALSE,13,FALSE,,12,747564,less_itens
5defeb5ef49ff7375aa8ebe8,categoria_economica,Campina Grande,Receita Orçamentária,bfs,2019-12-10T19:00:26Z,FALSE,13,FALSE,,12,747564,less_itens
5defeb5ef49ff7375aa8ebe9,origem,Campina Grande,Receita Orçamentária,bfs,2019-12-10T19:00:26Z,FALSE,13,FALSE,,12,747564,less_itens
5defeb60f49ff7375aa8ebea,valor,Campina Grande,Receita Extra Orçamentária,bfs,2019-12-10T19:00:26Z,FALSE,13,FALSE,,12,741837,less_itens
5defeb60f49ff7375aa8ebeb,codigo,Campina Grande,Receita Extra Orçamentária,bfs,2019-12-10T19:00:26Z,FALSE,13,FALSE,,12,741837,less_itens
5defeb60f49ff7375aa8ebec,nomenclatura,Campina Grande,Receita Extra Orçamentária,bfs,2019-12-10T19:00:26Z,FALSE,13,FALSE,,12,741837,less_itens
5defeb63f49ff7375aa8ebed,numero_licitacao,Campina Grande,Licitação,bfs,2019-12-10T19:00:26Z,TRUE,17,TRUE,http://portaldatransparencia.publicsoftsolutions.com/sistemas/ContabilidadePublica/views/Licitacao/FormCPRCLicitacao.php,27,1639291,less_itens
5defeb63f49ff7375aa8ebee,objeto_licitacao,Campina Grande,Licitação,bfs,2019-12-10T19:00:26Z,TRUE,17,TRUE,http://portaldatransparencia.publicsoftsolutions.com/sistemas/ContabilidadePublica/views/LicitacaoV2/Licitacoes.php,27,1639291,less_itens
5defeb63f49ff7375aa8ebef,modalidade_licitacao,Campina Grande,Licitação,bfs,2019-12-10T19:00:26Z,TRUE,17,TRUE,http://portaldatransparencia.publicsoftsolutions.com/sistemas/ContabilidadePublica/views/LicitacaoV2/Licitacoes.php,27,1639291,less_itens
5defeb63f49ff7375aa8ebf0,data_publicacao_licitacao,Campina Grande,Licitação,bfs,2019-12-10T19:00:26Z,TRUE,17,TRUE,http://portaldatransparencia.publicsoftsolutions.com/sistemas/ContabilidadePublica/views/Licitacao/resultadoConsultaGridCPRCLicitacao.php,27,1639291,less_itens
5defeb63f49ff7375aa8ebf1,valor,Campina Grande,Licitação,bfs,2019-12-10T19:00:26Z,TRUE,17,TRUE,http://portaldatransparencia.publicsoftsolutions.com/sistemas/ContabilidadePublica/views/?url=LicitacaoV2/Licitacoes.php&urlorigem=http://transparencia.campinagrande.pb.gov.br/licitacoes/,27,1639291,less_itens
5defeb63f49ff7375aa8ebf2,cnpj_cpf,Campina Grande,Licitação,bfs,2019-12-10T19:00:26Z,TRUE,17,TRUE,http://portaldatransparencia.publicsoftsolutions.com/sistemas/ContabilidadePublica/views/LicitacaoV2/Licitacoes.php,27,1639291,less_itens
5defeb63f49ff7375aa8ebf3,data_realizacao,Campina Grande,Licitação,bfs,2019-12-10T19:00:26Z,FALSE,17,TRUE,http://portaldatransparencia.publicsoftsolutions.com/sistemas/ContabilidadePublica/views/Licitacao/FormCPRCLicitacao.php,27,1639291,less_itens
5defeb63f49ff7375aa8ebf4,setor_interessado,Campina Grande,Licitação,bfs,2019-12-10T19:00:26Z,TRUE,17,TRUE,http://portaldatransparencia.publicsoftsolutions.com/sistemas/ContabilidadePublica/views/LicitacaoV2/Licitacoes.php,27,1639291,less_itens
5defeb63f49ff7375aa8ebf5,nome,Campina Grande,Quadro Pessoal,bfs,2019-12-10T19:00:26Z,TRUE,2,TRUE,https://sagresonline.tce.pb.gov.br/#/municipal/pessoal/servidores,1,42242,less_itens
5defeb63f49ff7375aa8ebf6,cpf,Campina Grande,Quadro Pessoal,bfs,2019-12-10T19:00:26Z,TRUE,2,TRUE,https://sagresonline.tce.pb.gov.br/#/municipal/pessoal/servidores,1,42242,less_itens
5defeb63f49ff7375aa8ebf7,cargo,Campina Grande,Quadro Pessoal,bfs,2019-12-10T19:00:26Z,TRUE,2,TRUE,https://sagresonline.tce.pb.gov.br/#/municipal/pessoal/servidores,1,42242,less_itens
5defeb63f49ff7375aa8ebf8,tipo_cargo,Campina Grande,Quadro Pessoal,bfs,2019-12-10T19:00:26Z,TRUE,2,TRUE,https://sagresonline.tce.pb.gov.br/#/municipal/pessoal/servidores,1,42242,less_itens
5defeb63f49ff7375aa8ebf9,salario_cargo,Campina Grande,Quadro Pessoal,bfs,2019-12-10T19:00:26Z,TRUE,2,TRUE,https://sagresonline.tce.pb.gov.br/#/municipal/pessoal/servidores,1,42242,less_itens
5deff22f58f50c437bdf3c3c,numero_licitacao,Ouro Velho,Licitação,bfs,2019-12-10T19:29:18Z,TRUE,16,TRUE,http://portaldatransparencia.publicsoft.com.br/sistemas/ContabilidadePublica/views/Licitacao/FormCPRCLicitacao.php,34,2017530,less_itens
5deff22f58f50c437bdf3c3d,objeto_licitacao,Ouro Velho,Licitação,bfs,2019-12-10T19:29:18Z,TRUE,16,TRUE,http://portaldatransparencia.publicsoft.com.br/sistemas/ContabilidadePublica/views/Licitacao/FormCPRCLicitacao.php,34,2017530,less_itens
5deff22f58f50c437bdf3c3e,modalidade_licitacao,Ouro Velho,Licitação,bfs,2019-12-10T19:29:18Z,TRUE,16,TRUE,http://portaldatransparencia.publicsoft.com.br/sistemas/ContabilidadePublica/views/Licitacao/FormCPRCLicitacao.php,34,2017530,less_itens
5deff22f58f50c437bdf3c3f,data_publicacao_licitacao,Ouro Velho,Licitação,bfs,2019-12-10T19:29:18Z,TRUE,16,TRUE,http://portaldatransparencia.publicsoft.com.br/sistemas/ContabilidadePublica/views/Licitacao/FormCPRCLicitacao.php,34,2017530,less_itens
5deff22f58f50c437bdf3c40,valor,Ouro Velho,Licitação,bfs,2019-12-10T19:29:18Z,TRUE,16,TRUE,http://portaldatransparencia.publicsoft.com.br/sistemas/ContabilidadePublica/views/,34,2017530,less_itens
5deff22f58f50c437bdf3c41,cnpj_cpf,Ouro Velho,Licitação,bfs,2019-12-10T19:29:18Z,FALSE,16,TRUE,http://portaldatransparencia.publicsoft.com.br/sistemas/ContabilidadePublica/views/LicitacaoV2/Licitacoes.php,34,2017530,less_itens
5deff22f58f50c437bdf3c42,data_realizacao,Ouro Velho,Licitação,bfs,2019-12-10T19:29:18Z,TRUE,16,TRUE,http://portaldatransparencia.publicsoft.com.br/sistemas/ContabilidadePublica/views/Licitacao/FormCPRCLicitacao.php,34,2017530,less_itens
5deff22f58f50c437bdf3c43,setor_interessado,Ouro Velho,Licitação,bfs,2019-12-10T19:29:18Z,FALSE,16,TRUE,http://portaldatransparencia.publicsoft.com.br/sistemas/ContabilidadePublica/views/LicitacaoV2/Licitacoes.php,34,2017530,less_itens
5deff23358f50c437bdf3c44,nome,Ouro Velho,Quadro Pessoal,bfs,2019-12-10T19:29:18Z,TRUE,5,TRUE,http://portaldatransparencia.publicsoft.com.br/sistemas/Padroes/themes/PT/PTransparencia3.0/consultas-ajax/grid-total-despesa-pessoal-encargos.php,4,233304,less_itens
5deff23358f50c437bdf3c45,cpf,Ouro Velho,Quadro Pessoal,bfs,2019-12-10T19:29:18Z,TRUE,5,TRUE,http://portaldatransparencia.publicsoft.com.br/sistemas/Padroes/themes/PT/PTransparencia3.0/consultas-ajax/grid-total-despesa-pessoal-encargos.php,4,233304,less_itens
5deff23358f50c437bdf3c46,cargo,Ouro Velho,Quadro Pessoal,bfs,2019-12-10T19:29:18Z,FALSE,5,FALSE,,4,233304,less_itens
5deff23358f50c437bdf3c47,tipo_cargo,Ouro Velho,Quadro Pessoal,bfs,2019-12-10T19:29:18Z,FALSE,5,FALSE,,4,233304,less_itens
5deff23358f50c437bdf3c48,salario_cargo,Ouro Velho,Quadro Pessoal,bfs,2019-12-10T19:29:18Z,FALSE,5,FALSE,,4,233304,less_itens
5deff233d00268439b36ff7c,numero_licitacao,Ouro Velho,Licitação,bandit,2019-12-10T19:29:20Z,TRUE,16,TRUE,http://portaldatransparencia.publicsoft.com.br/sistemas/ContabilidadePublica/views/Licitacao/FormCPRCLicitacao.php,34,2020698,less_itens
5deff233d00268439b36ff7d,objeto_licitacao,Ouro Velho,Licitação,bandit,2019-12-10T19:29:20Z,TRUE,16,TRUE,http://portaldatransparencia.publicsoft.com.br/sistemas/ContabilidadePublica/views/Licitacao/FormCPRCLicitacao.php,34,2020698,less_itens
5deff233d00268439b36ff7e,modalidade_licitacao,Ouro Velho,Licitação,bandit,2019-12-10T19:29:20Z,TRUE,16,TRUE,http://portaldatransparencia.publicsoft.com.br/sistemas/ContabilidadePublica/views/Licitacao/FormCPRCLicitacao.php,34,2020698,less_itens
5deff233d00268439b36ff7f,data_publicacao_licitacao,Ouro Velho,Licitação,bandit,2019-12-10T19:29:20Z,TRUE,16,TRUE,http://portaldatransparencia.publicsoft.com.br/sistemas/ContabilidadePublica/views/Licitacao/FormCPRCLicitacao.php,34,2020698,less_itens
5deff233d00268439b36ff80,valor,Ouro Velho,Licitação,bandit,2019-12-10T19:29:20Z,TRUE,16,TRUE,http://portaldatransparencia.publicsoft.com.br/sistemas/ContabilidadePublica/views/,34,2020698,less_itens
5deff233d00268439b36ff81,cnpj_cpf,Ouro Velho,Licitação,bandit,2019-12-10T19:29:20Z,FALSE,16,TRUE,http://portaldatransparencia.publicsoft.com.br/sistemas/ContabilidadePublica/views/LicitacaoV2/Licitacoes.php,34,2020698,less_itens
5deff233d00268439b36ff82,data_realizacao,Ouro Velho,Licitação,bandit,2019-12-10T19:29:20Z,TRUE,16,TRUE,http://portaldatransparencia.publicsoft.com.br/sistemas/ContabilidadePublica/views/Licitacao/FormCPRCLicitacao.php,34,2020698,less_itens
5deff233d00268439b36ff83,setor_interessado,Ouro Velho,Licitação,bandit,2019-12-10T19:29:20Z,FALSE,16,TRUE,http://portaldatransparencia.publicsoft.com.br/sistemas/ContabilidadePublica/views/LicitacaoV2/Licitacoes.php,34,2020698,less_itens
5deff237d00268439b36ff84,nome,Ouro Velho,Quadro Pessoal,bandit,2019-12-10T19:29:20Z,TRUE,5,TRUE,http://portaldatransparencia.publicsoft.com.br/sistemas/Padroes/themes/PT/PTransparencia3.0/consultas-ajax/grid-total-despesa-pessoal-encargos.php,4,232752,less_itens
5deff237d00268439b36ff85,cpf,Ouro Velho,Quadro Pessoal,bandit,2019-12-10T19:29:20Z,TRUE,5,TRUE,http://portaldatransparencia.publicsoft.com.br/sistemas/Padroes/themes/PT/PTransparencia3.0/consultas-ajax/grid-total-despesa-pessoal-encargos.php,4,232752,less_itens
5deff237d00268439b36ff86,cargo,Ouro Velho,Quadro Pessoal,bandit,2019-12-10T19:29:20Z,FALSE,5,FALSE,,4,232752,less_itens
5deff237d00268439b36ff87,tipo_cargo,Ouro Velho,Quadro Pessoal,bandit,2019-12-10T19:29:20Z,FALSE,5,FALSE,,4,232752,less_itens
5deff237d00268439b36ff88,salario_cargo,Ouro Velho,Quadro Pessoal,bandit,2019-12-10T19:29:20Z,FALSE,5,FALSE,,4,232752,less_itens
5deff23958f50c437bdf3c49,funcao,Ouro Velho,Despesa Orçamentária,bfs,2019-12-10T19:29:18Z,TRUE,14,TRUE,http://portaldatransparencia.publicsoft.com.br/sistemas/ContabilidadePublica/views/Empenho/resultadoConsultaGridPCEmpEmpenho.php,20,1186554,less_itens
5deff23958f50c437bdf3c4a,sub_funcao,Ouro Velho,Despesa Orçamentária,bfs,2019-12-10T19:29:18Z,TRUE,14,TRUE,http://portaldatransparencia.publicsoft.com.br/sistemas/ContabilidadePublica/views/Empenho/FormEmpEmpenhos.php,20,1186554,less_itens
5deff23958f50c437bdf3c4b,orgao_or_uni_orcamentaria,Ouro Velho,Despesa Orçamentária,bfs,2019-12-10T19:29:18Z,TRUE,14,TRUE,http://portaldatransparencia.publicsoft.com.br/sistemas/ContabilidadePublica/views/Empenho/FormEmpEmpenhos.php,20,1186554,less_itens
5deff23958f50c437bdf3c4c,programa,Ouro Velho,Despesa Orçamentária,bfs,2019-12-10T19:29:18Z,TRUE,14,TRUE,http://portaldatransparencia.publicsoft.com.br/sistemas/ContabilidadePublica/views/Empenho/FormEmpEmpenhos.php,20,1186554,less_itens
5deff23958f50c437bdf3c4d,categoria_economica,Ouro Velho,Despesa Orçamentária,bfs,2019-12-10T19:29:18Z,TRUE,14,TRUE,http://portaldatransparencia.publicsoft.com.br/sistemas/ContabilidadePublica/views/Empenho/FormEmpEmpenhos.php,20,1186554,less_itens
5deff23958f50c437bdf3c4e,acao,Ouro Velho,Despesa Orçamentária,bfs,2019-12-10T19:29:18Z,TRUE,14,TRUE,http://portaldatransparencia.publicsoft.com.br/sistemas/ContabilidadePublica/views/Empenho/FormEmpEmpenhos.php,20,1186554,less_itens
5deff23958f50c437bdf3c4f,natureza_despesa,Ouro Velho,Despesa Orçamentária,bfs,2019-12-10T19:29:18Z,TRUE,14,TRUE,http://portaldatransparencia.publicsoft.com.br/sistemas/ContabilidadePublica/views/Empenho/FormEmpEmpenhos.php,20,1186554,less_itens
5deff23958f50c437bdf3c50,modalidade,Ouro Velho,Despesa Orçamentária,bfs,2019-12-10T19:29:18Z,TRUE,14,TRUE,http://portaldatransparencia.publicsoft.com.br/sistemas/ContabilidadePublica/views/Empenho/FormEmpEmpenhos.php,20,1186554,less_itens
5deff23958f50c437bdf3c51,elemento,Ouro Velho,Despesa Orçamentária,bfs,2019-12-10T19:29:18Z,TRUE,14,TRUE,http://portaldatransparencia.publicsoft.com.br/sistemas/ContabilidadePublica/views/Empenho/FormEmpEmpenhos.php,20,1186554,less_itens
5deff23958f50c437bdf3c52,emp_numero,Ouro Velho,Despesa Orçamentária,bfs,2019-12-10T19:29:18Z,TRUE,14,TRUE,http://portaldatransparencia.publicsoft.com.br/sistemas/ContabilidadePublica/views/Empenho/FormEmpEmpenhos.php,20,1186554,less_itens
5deff23958f50c437bdf3c53,emp_data,Ouro Velho,Despesa Orçamentária,bfs,2019-12-10T19:29:18Z,TRUE,14,TRUE,http://portaldatransparencia.publicsoft.com.br/sistemas/ContabilidadePublica/views/Empenho/FormEmpEmpenhos.php,20,1186554,less_itens
5deff23958f50c437bdf3c54,emp_cnpj_cpf,Ouro Velho,Despesa Orçamentária,bfs,2019-12-10T19:29:18Z,TRUE,14,TRUE,http://portaldatransparencia.publicsoft.com.br/sistemas/ContabilidadePublica/views/Empenho/FormEmpEmpenhos.php,20,1186554,less_itens
5deff23958f50c437bdf3c55,emp_indicacao_licitacao,Ouro Velho,Despesa Orçamentária,bfs,2019-12-10T19:29:18Z,TRUE,14,TRUE,http://portaldatransparencia.publicsoft.com.br/sistemas/ContabilidadePublica/views/Empenho/FormEmpEmpenhos.php,20,1186554,less_itens
5deff23958f50c437bdf3c56,emp_valor,Ouro Velho,Despesa Orçamentária,bfs,2019-12-10T19:29:18Z,TRUE,14,TRUE,http://portaldatransparencia.publicsoft.com.br/sistemas/ContabilidadePublica/views/Empenho/FormEmpEmpenhos.php,20,1186554,less_itens
5deff23958f50c437bdf3c57,valor_fixado,Ouro Velho,Despesa Orçamentária,bfs,2019-12-10T19:29:18Z,TRUE,14,TRUE,http://portaldatransparencia.publicsoft.com.br/sistemas/ContabilidadePublica/views/Empenho/FormEmpEmpenhos.php,20,1186554,less_itens
5deff23958f50c437bdf3c58,valor_liquidado,Ouro Velho,Despesa Orçamentária,bfs,2019-12-10T19:29:18Z,TRUE,14,TRUE,http://portaldatransparencia.publicsoft.com.br/sistemas/ContabilidadePublica/views/Empenho/FormEmpEmpenhos.php,20,1186554,less_itens
5deff23958f50c437bdf3c59,valor_pago,Ouro Velho,Despesa Orçamentária,bfs,2019-12-10T19:29:18Z,TRUE,14,TRUE,http://portaldatransparencia.publicsoft.com.br/sistemas/ContabilidadePublica/views/Empenho/FormEmpEmpenhos.php,20,1186554,less_itens
5deff23958f50c437bdf3c5a,lic_data_pag_ultima,Ouro Velho,Despesa Orçamentária,bfs,2019-12-10T19:29:18Z,TRUE,14,TRUE,http://portaldatransparencia.publicsoft.com.br/sistemas/ContabilidadePublica/views/Empenho/FormEmpEmpenhos.php,20,1186554,less_itens
5deff23958f50c437bdf3c5b,sub_elemento,Ouro Velho,Despesa Orçamentária,bfs,2019-12-10T19:29:18Z,TRUE,14,TRUE,http://portaldatransparencia.publicsoft.com.br/sistemas/ContabilidadePublica/views/Empenho/FormEmpEmpenhos.php,20,1186554,less_itens
5deff23958f50c437bdf3c5c,lic_modalidade,Ouro Velho,Despesa Orçamentária,bfs,2019-12-10T19:29:18Z,TRUE,14,TRUE,http://portaldatransparencia.publicsoft.com.br/sistemas/ContabilidadePublica/views/Empenho/FormEmpEmpenhos.php,20,1186554,less_itens
5deff23958f50c437bdf3c5d,lic_numero,Ouro Velho,Despesa Orçamentária,bfs,2019-12-10T19:29:18Z,TRUE,14,TRUE,http://portaldatransparencia.publicsoft.com.br/sistemas/ContabilidadePublica/views/Empenho/FormEmpEmpenhos.php,20,1186554,less_itens
5deff23958f50c437bdf3c5e,lic_num_contrato,Ouro Velho,Despesa Orçamentária,bfs,2019-12-10T19:29:18Z,TRUE,14,TRUE,http://portaldatransparencia.publicsoft.com.br/sistemas/ContabilidadePublica/views/Empenho/FormEmpEmpenhos.php,20,1186554,less_itens
5deff23958f50c437bdf3c5f,nome,Ouro Velho,Despesa Orçamentária,bfs,2019-12-10T19:29:18Z,TRUE,14,TRUE,http://portaldatransparencia.publicsoft.com.br/sistemas/ContabilidadePublica/views/Empenho/FormEmpEmpenhos.php,20,1186554,less_itens
5deff23958f50c437bdf3c60,uni_gestora,Ouro Velho,Receita Orçamentária,bfs,2019-12-10T19:29:18Z,TRUE,9,TRUE,http://portaldatransparencia.publicsoft.com.br/sistemas/ContabilidadePublica/views/Receitas/resultadoConsultaGridCPRCGuias.php,16,973207,less_itens
5deff23958f50c437bdf3c61,previsao,Ouro Velho,Receita Orçamentária,bfs,2019-12-10T19:29:18Z,TRUE,9,TRUE,http://portaldatransparencia.publicsoft.com.br/sistemas/ContabilidadePublica/views/Receitas/FormCPRCGuias.php,16,973207,less_itens
5deff23958f50c437bdf3c62,arrecadacao,Ouro Velho,Receita Orçamentária,bfs,2019-12-10T19:29:18Z,TRUE,9,TRUE,http://portaldatransparencia.publicsoft.com.br/sistemas/ContabilidadePublica/views/Receitas/FormCPRCGuias.php,16,973207,less_itens
5deff23958f50c437bdf3c63,lancado,Ouro Velho,Receita Orçamentária,bfs,2019-12-10T19:29:18Z,TRUE,9,TRUE,http://portaldatransparencia.publicsoft.com.br/sistemas/ContabilidadePublica/views/Receitas/FormCPRCGuias.php,16,973207,less_itens
5deff23958f50c437bdf3c64,categoria_economica,Ouro Velho,Receita Orçamentária,bfs,2019-12-10T19:29:18Z,FALSE,9,FALSE,,16,973207,less_itens
5deff23958f50c437bdf3c65,origem,Ouro Velho,Receita Orçamentária,bfs,2019-12-10T19:29:18Z,TRUE,9,TRUE,http://portaldatransparencia.publicsoft.com.br/sistemas/ContabilidadePublica/views/Receitas/FormCPRCGuias.php,16,973207,less_itens
5deff23c58f50c437bdf3c66,valor,Ouro Velho,Despesa Extra Orçamentária,bfs,2019-12-10T19:29:18Z,TRUE,15,TRUE,http://portaldatransparencia.publicsoft.com.br/sistemas/ContabilidadePublica/views/Empenho/FormEmpDespesasExtrasOrc.php,23,1371004,less_itens
5deff23c58f50c437bdf3c67,codigo,Ouro Velho,Despesa Extra Orçamentária,bfs,2019-12-10T19:29:18Z,TRUE,15,TRUE,http://portaldatransparencia.publicsoft.com.br/sistemas/ContabilidadePublica/views/Empenho/FormEmpDespesasExtrasOrc.php,23,1371004,less_itens
5deff23c58f50c437bdf3c68,nomenclatura,Ouro Velho,Despesa Extra Orçamentária,bfs,2019-12-10T19:29:18Z,TRUE,15,TRUE,http://portaldatransparencia.publicsoft.com.br/sistemas/ContabilidadePublica/views/Empenho/FormEmpDespesasExtrasOrc.php,23,1371004,less_itens
5deff23ed00268439b36ff89,funcao,Ouro Velho,Despesa Orçamentária,bandit,2019-12-10T19:29:20Z,TRUE,10,TRUE,http://portaldatransparencia.publicsoft.com.br/sistemas/ContabilidadePublica/views/Empenho/resultadoConsultaGridPCEmpEmpenho.php,15,903625,less_itens
5deff23ed00268439b36ff8a,sub_funcao,Ouro Velho,Despesa Orçamentária,bandit,2019-12-10T19:29:20Z,TRUE,10,TRUE,http://portaldatransparencia.publicsoft.com.br/sistemas/ContabilidadePublica/views/Empenho/FormEmpEmpenhos.php,15,903625,less_itens
5deff23ed00268439b36ff8b,orgao_or_uni_orcamentaria,Ouro Velho,Despesa Orçamentária,bandit,2019-12-10T19:29:20Z,TRUE,10,TRUE,http://portaldatransparencia.publicsoft.com.br/sistemas/ContabilidadePublica/views/Empenho/FormEmpEmpenhos.php,15,903625,less_itens
5deff23ed00268439b36ff8c,programa,Ouro Velho,Despesa Orçamentária,bandit,2019-12-10T19:29:20Z,TRUE,10,TRUE,http://portaldatransparencia.publicsoft.com.br/sistemas/ContabilidadePublica/views/Empenho/FormEmpEmpenhos.php,15,903625,less_itens
5deff23ed00268439b36ff8d,categoria_economica,Ouro Velho,Despesa Orçamentária,bandit,2019-12-10T19:29:20Z,TRUE,10,TRUE,http://portaldatransparencia.publicsoft.com.br/sistemas/ContabilidadePublica/views/Empenho/FormEmpEmpenhos.php,15,903625,less_itens
5deff23ed00268439b36ff8e,acao,Ouro Velho,Despesa Orçamentária,bandit,2019-12-10T19:29:20Z,TRUE,10,TRUE,http://portaldatransparencia.publicsoft.com.br/sistemas/ContabilidadePublica/views/Empenho/FormEmpEmpenhos.php,15,903625,less_itens
5deff23ed00268439b36ff8f,natureza_despesa,Ouro Velho,Despesa Orçamentária,bandit,2019-12-10T19:29:20Z,TRUE,10,TRUE,http://portaldatransparencia.publicsoft.com.br/sistemas/ContabilidadePublica/views/Empenho/FormEmpEmpenhos.php,15,903625,less_itens
5deff23ed00268439b36ff90,modalidade,Ouro Velho,Despesa Orçamentária,bandit,2019-12-10T19:29:20Z,TRUE,10,TRUE,http://portaldatransparencia.publicsoft.com.br/sistemas/ContabilidadePublica/views/Empenho/FormEmpEmpenhos.php,15,903625,less_itens
5deff23ed00268439b36ff91,elemento,Ouro Velho,Despesa Orçamentária,bandit,2019-12-10T19:29:20Z,TRUE,10,TRUE,http://portaldatransparencia.publicsoft.com.br/sistemas/ContabilidadePublica/views/Empenho/FormEmpEmpenhos.php,15,903625,less_itens
5deff23ed00268439b36ff92,emp_numero,Ouro Velho,Despesa Orçamentária,bandit,2019-12-10T19:29:20Z,TRUE,10,TRUE,http://portaldatransparencia.publicsoft.com.br/sistemas/ContabilidadePublica/views/QD/FormPTQD.php?tipoQuadro=QDD,15,903625,less_itens
5deff23ed00268439b36ff93,emp_data,Ouro Velho,Despesa Orçamentária,bandit,2019-12-10T19:29:20Z,TRUE,10,TRUE,http://portaldatransparencia.publicsoft.com.br/sistemas/ContabilidadePublica/views/Empenho/FormEmpEmpenhos.php,15,903625,less_itens
5deff23ed00268439b36ff94,emp_cnpj_cpf,Ouro Velho,Despesa Orçamentária,bandit,2019-12-10T19:29:20Z,TRUE,10,TRUE,http://portaldatransparencia.publicsoft.com.br/sistemas/ContabilidadePublica/views/Empenho/FormEmpEmpenhos.php,15,903625,less_itens
5deff23ed00268439b36ff95,emp_indicacao_licitacao,Ouro Velho,Despesa Orçamentária,bandit,2019-12-10T19:29:20Z,TRUE,10,TRUE,http://portaldatransparencia.publicsoft.com.br/sistemas/ContabilidadePublica/views/Empenho/FormEmpEmpenhos.php,15,903625,less_itens
5deff23ed00268439b36ff96,emp_valor,Ouro Velho,Despesa Orçamentária,bandit,2019-12-10T19:29:20Z,TRUE,10,TRUE,http://portaldatransparencia.publicsoft.com.br/sistemas/ContabilidadePublica/views/Empenho/FormEmpEmpenhos.php,15,903625,less_itens
5deff23ed00268439b36ff97,valor_fixado,Ouro Velho,Despesa Orçamentária,bandit,2019-12-10T19:29:20Z,TRUE,10,TRUE,http://portaldatransparencia.publicsoft.com.br/sistemas/ContabilidadePublica/views/Empenho/FormEmpEmpenhos.php,15,903625,less_itens
5deff23ed00268439b36ff98,valor_liquidado,Ouro Velho,Despesa Orçamentária,bandit,2019-12-10T19:29:20Z,TRUE,10,TRUE,http://portaldatransparencia.publicsoft.com.br/sistemas/ContabilidadePublica/views/Empenho/FormEmpEmpenhos.php,15,903625,less_itens
5deff23ed00268439b36ff99,valor_pago,Ouro Velho,Despesa Orçamentária,bandit,2019-12-10T19:29:20Z,TRUE,10,TRUE,http://portaldatransparencia.publicsoft.com.br/sistemas/ContabilidadePublica/views/Empenho/FormEmpEmpenhos.php,15,903625,less_itens
5deff23ed00268439b36ff9a,lic_data_pag_ultima,Ouro Velho,Despesa Orçamentária,bandit,2019-12-10T19:29:20Z,TRUE,10,TRUE,http://portaldatransparencia.publicsoft.com.br/sistemas/ContabilidadePublica/views/Empenho/FormEmpEmpenhos.php,15,903625,less_itens
5deff23ed00268439b36ff9b,sub_elemento,Ouro Velho,Despesa Orçamentária,bandit,2019-12-10T19:29:20Z,TRUE,10,TRUE,http://portaldatransparencia.publicsoft.com.br/sistemas/ContabilidadePublica/views/Empenho/FormEmpEmpenhos.php,15,903625,less_itens
5deff23ed00268439b36ff9c,lic_modalidade,Ouro Velho,Despesa Orçamentária,bandit,2019-12-10T19:29:20Z,TRUE,10,TRUE,http://portaldatransparencia.publicsoft.com.br/sistemas/ContabilidadePublica/views/Empenho/FormEmpEmpenhos.php,15,903625,less_itens
5deff23ed00268439b36ff9d,lic_numero,Ouro Velho,Despesa Orçamentária,bandit,2019-12-10T19:29:20Z,TRUE,10,TRUE,http://portaldatransparencia.publicsoft.com.br/sistemas/ContabilidadePublica/views/Empenho/FormEmpEmpenhos.php,15,903625,less_itens
5deff23ed00268439b36ff9e,lic_num_contrato,Ouro Velho,Despesa Orçamentária,bandit,2019-12-10T19:29:20Z,TRUE,10,TRUE,http://portaldatransparencia.publicsoft.com.br/sistemas/ContabilidadePublica/views/Empenho/FormEmpEmpenhos.php,15,903625,less_itens
5deff23ed00268439b36ff9f,nome,Ouro Velho,Despesa Orçamentária,bandit,2019-12-10T19:29:20Z,TRUE,10,TRUE,http://portaldatransparencia.publicsoft.com.br/sistemas/ContabilidadePublica/views/Empenho/FormEmpEmpenhos.php,15,903625,less_itens
5deff23f58f50c437bdf3c69,valor,Ouro Velho,Receita Extra Orçamentária,bfs,2019-12-10T19:29:18Z,TRUE,10,TRUE,http://portaldatransparencia.publicsoft.com.br/sistemas/ContabilidadePublica/views/Receitas/FormCPRCGuiasReceitaExtra.php,11,669604,less_itens
5deff23f58f50c437bdf3c6a,codigo,Ouro Velho,Receita Extra Orçamentária,bfs,2019-12-10T19:29:18Z,TRUE,10,TRUE,http://portaldatransparencia.publicsoft.com.br/sistemas/Padroes/themes/PT/PTransparencia3.0/consultas-ajax/grid-total-receita-contribuicoes.php,11,669604,less_itens
5deff23f58f50c437bdf3c6b,nomenclatura,Ouro Velho,Receita Extra Orçamentária,bfs,2019-12-10T19:29:18Z,TRUE,10,TRUE,http://portaldatransparencia.publicsoft.com.br/sistemas/Padroes/themes/PT/PTransparencia3.0/consultas-ajax/grid-total-receita-contribuicoes.php,11,669604,less_itens
5deff240d00268439b36ffa0,uni_gestora,Ouro Velho,Receita Orçamentária,bandit,2019-12-10T19:29:20Z,TRUE,10,TRUE,http://portaldatransparencia.publicsoft.com.br/sistemas/ContabilidadePublica/views/Receitas/resultadoConsultaGridCPRCGuias.php,18,1081040,less_itens
5deff240d00268439b36ffa1,previsao,Ouro Velho,Receita Orçamentária,bandit,2019-12-10T19:29:20Z,TRUE,10,TRUE,http://portaldatransparencia.publicsoft.com.br/sistemas/ContabilidadePublica/views/Receitas/FormCPRCGuias.php,18,1081040,less_itens
5deff240d00268439b36ffa2,arrecadacao,Ouro Velho,Receita Orçamentária,bandit,2019-12-10T19:29:20Z,TRUE,10,TRUE,http://portaldatransparencia.publicsoft.com.br/sistemas/ContabilidadePublica/views/Receitas/FormCPRCGuias.php,18,1081040,less_itens
5deff240d00268439b36ffa3,lancado,Ouro Velho,Receita Orçamentária,bandit,2019-12-10T19:29:20Z,TRUE,10,TRUE,http://portaldatransparencia.publicsoft.com.br/sistemas/ContabilidadePublica/views/Receitas/FormCPRCGuias.php,18,1081040,less_itens
5deff240d00268439b36ffa4,categoria_economica,Ouro Velho,Receita Orçamentária,bandit,2019-12-10T19:29:20Z,FALSE,10,FALSE,,18,1081040,less_itens
5deff240d00268439b36ffa5,origem,Ouro Velho,Receita Orçamentária,bandit,2019-12-10T19:29:20Z,TRUE,10,TRUE,http://portaldatransparencia.publicsoft.com.br/sistemas/ContabilidadePublica/views/Receitas/FormCPRCGuias.php,18,1081040,less_itens
5deff240d00268439b36ffa6,valor,Ouro Velho,Despesa Extra Orçamentária,bandit,2019-12-10T19:29:20Z,TRUE,16,TRUE,http://portaldatransparencia.publicsoft.com.br/sistemas/ContabilidadePublica/views/Empenho/FormEmpDespesasExtrasOrc.php,25,1477066,less_itens
5deff240d00268439b36ffa7,codigo,Ouro Velho,Despesa Extra Orçamentária,bandit,2019-12-10T19:29:20Z,TRUE,16,TRUE,http://portaldatransparencia.publicsoft.com.br/sistemas/ContabilidadePublica/views/Empenho/FormEmpDespesasExtrasOrc.php,25,1477066,less_itens
5deff240d00268439b36ffa8,nomenclatura,Ouro Velho,Despesa Extra Orçamentária,bandit,2019-12-10T19:29:20Z,TRUE,16,TRUE,http://portaldatransparencia.publicsoft.com.br/sistemas/ContabilidadePublica/views/Empenho/FormEmpDespesasExtrasOrc.php,25,1477066,less_itens
5deff242d00268439b36ffa9,valor,Ouro Velho,Receita Extra Orçamentária,bandit,2019-12-10T19:29:20Z,TRUE,8,TRUE,http://portaldatransparencia.publicsoft.com.br/sistemas/ContabilidadePublica/views/Receitas/FormCPRCGuiasReceitaExtra.php,11,684423,less_itens
5deff242d00268439b36ffaa,codigo,Ouro Velho,Receita Extra Orçamentária,bandit,2019-12-10T19:29:20Z,TRUE,8,TRUE,http://portaldatransparencia.publicsoft.com.br/sistemas/Padroes/themes/PT/PTransparencia3.0/consultas-ajax/grid-total-receita-patrimonial.php,11,684423,less_itens
5deff242d00268439b36ffab,nomenclatura,Ouro Velho,Receita Extra Orçamentária,bandit,2019-12-10T19:29:20Z,TRUE,8,TRUE,http://portaldatransparencia.publicsoft.com.br/sistemas/Padroes/themes/PT/PTransparencia3.0/consultas-ajax/grid-total-receita-patrimonial.php,11,684423,less_itens
5deff2fafb501f46a63125b9,funcao,Conceição,Despesa Orçamentária,bandit,2019-12-10T19:32:45Z,TRUE,87,TRUE,http://siteseticons.com.br/portal/faces/pages/despesa/pagamento/inicio.xhtml,75,4501255,less_itens
5deff2fafb501f46a63125ba,sub_funcao,Conceição,Despesa Orçamentária,bandit,2019-12-10T19:32:45Z,TRUE,87,TRUE,http://siteseticons.com.br/portal/faces/pages/despesa/empenho/locomocao.xhtml,75,4501255,less_itens
5deff2fafb501f46a63125bb,orgao_or_uni_orcamentaria,Conceição,Despesa Orçamentária,bandit,2019-12-10T19:32:45Z,TRUE,87,TRUE,http://siteseticons.com.br/portal/faces/pages/despesa/servidor/inicio.xhtml,75,4501255,less_itens
5deff2fafb501f46a63125bc,programa,Conceição,Despesa Orçamentária,bandit,2019-12-10T19:32:45Z,TRUE,87,TRUE,http://siteseticons.com.br/portal/faces/pages/despesa/empenho/locomocao.xhtml,75,4501255,less_itens
5deff2fafb501f46a63125bd,categoria_economica,Conceição,Despesa Orçamentária,bandit,2019-12-10T19:32:45Z,FALSE,87,TRUE,http://siteseticons.com.br/portal/faces/pages/despesa/empenho/inicio.xhtml,75,4501255,less_itens
5deff2fafb501f46a63125be,acao,Conceição,Despesa Orçamentária,bandit,2019-12-10T19:32:45Z,TRUE,87,TRUE,http://siteseticons.com.br/portal/faces/pages/despesa/empenho/locomocao.xhtml,75,4501255,less_itens
5deff2fafb501f46a63125bf,natureza_despesa,Conceição,Despesa Orçamentária,bandit,2019-12-10T19:32:45Z,TRUE,87,TRUE,http://siteseticons.com.br/portal/faces/pages/despesa/empenho/locomocao.xhtml,75,4501255,less_itens
5deff2fafb501f46a63125c0,modalidade,Conceição,Despesa Orçamentária,bandit,2019-12-10T19:32:45Z,TRUE,87,TRUE,http://siteseticons.com.br/portal/faces/pages/despesa/empenho/locomocao.xhtml,75,4501255,less_itens
5deff2fafb501f46a63125c1,elemento,Conceição,Despesa Orçamentária,bandit,2019-12-10T19:32:45Z,FALSE,87,TRUE,http://siteseticons.com.br/portal/faces/pages/despesa/empenho/licitacao.xhtml,75,4501255,less_itens
5deff2fafb501f46a63125c2,emp_numero,Conceição,Despesa Orçamentária,bandit,2019-12-10T19:32:45Z,TRUE,87,TRUE,http://siteseticons.com.br/portal/faces/pages/despesa/empenho/locomocao.xhtml,75,4501255,less_itens
5deff2fafb501f46a63125c3,emp_data,Conceição,Despesa Orçamentária,bandit,2019-12-10T19:32:45Z,TRUE,87,TRUE,http://siteseticons.com.br/portal/faces/pages/despesa/empenho/locomocao.xhtml,75,4501255,less_itens
5deff2fafb501f46a63125c4,emp_cnpj_cpf,Conceição,Despesa Orçamentária,bandit,2019-12-10T19:32:45Z,TRUE,87,TRUE,http://siteseticons.com.br/portal/faces/pages/despesa/servidor/inicio.xhtml,75,4501255,less_itens
5deff2fafb501f46a63125c5,emp_indicacao_licitacao,Conceição,Despesa Orçamentária,bandit,2019-12-10T19:32:45Z,TRUE,87,TRUE,http://siteseticons.com.br/portal/faces/pages/despesa/extra/inicio.xhtml,75,4501255,less_itens
5deff2fafb501f46a63125c6,emp_valor,Conceição,Despesa Orçamentária,bandit,2019-12-10T19:32:45Z,TRUE,87,TRUE,http://siteseticons.com.br/portal/faces/pages/despesa/empenho/locomocao.xhtml,75,4501255,less_itens
5deff2fafb501f46a63125c7,valor_fixado,Conceição,Despesa Orçamentária,bandit,2019-12-10T19:32:45Z,TRUE,87,TRUE,http://siteseticons.com.br/portal/faces/pages/despesa/empenho/locomocao.xhtml,75,4501255,less_itens
5deff2fafb501f46a63125c8,valor_liquidado,Conceição,Despesa Orçamentária,bandit,2019-12-10T19:32:45Z,TRUE,87,TRUE,http://siteseticons.com.br/portal/faces/pages/despesa/empenho/locomocao.xhtml,75,4501255,less_itens
5deff2fafb501f46a63125c9,valor_pago,Conceição,Despesa Orçamentária,bandit,2019-12-10T19:32:45Z,TRUE,87,TRUE,http://siteseticons.com.br/portal/faces/pages/despesa/empenho/locomocao.xhtml,75,4501255,less_itens
5deff2fafb501f46a63125ca,lic_data_pag_ultima,Conceição,Despesa Orçamentária,bandit,2019-12-10T19:32:45Z,TRUE,87,TRUE,http://siteseticons.com.br/portal/faces/pages/despesa/empenho/locomocao.xhtml,75,4501255,less_itens
5deff2fafb501f46a63125cb,sub_elemento,Conceição,Despesa Orçamentária,bandit,2019-12-10T19:32:45Z,TRUE,87,TRUE,http://siteseticons.com.br/portal/faces/pages/despesa/empenho/locomocao.xhtml,75,4501255,less_itens
5deff2fafb501f46a63125cc,lic_modalidade,Conceição,Despesa Orçamentária,bandit,2019-12-10T19:32:45Z,TRUE,87,TRUE,http://siteseticons.com.br/portal/faces/pages/despesa/empenho/locomocao.xhtml,75,4501255,less_itens
5deff2fafb501f46a63125cd,lic_numero,Conceição,Despesa Orçamentária,bandit,2019-12-10T19:32:45Z,TRUE,87,TRUE,http://siteseticons.com.br/portal/faces/pages/despesa/empenho/locomocao.xhtml,75,4501255,less_itens
5deff2fafb501f46a63125ce,lic_num_contrato,Conceição,Despesa Orçamentária,bandit,2019-12-10T19:32:45Z,TRUE,87,TRUE,http://siteseticons.com.br/portal/faces/pages/despesa/empenho/locomocao.xhtml,75,4501255,less_itens
5deff2fafb501f46a63125cf,nome,Conceição,Despesa Orçamentária,bandit,2019-12-10T19:32:45Z,TRUE,87,TRUE,http://siteseticons.com.br/portal/faces/pages/despesa/servidor/inicio.xhtml,75,4501255,less_itens
5deff2fbfb501f46a63125d0,valor,Conceição,Despesa Extra Orçamentária,bandit,2019-12-10T19:32:45Z,TRUE,2,TRUE,http://siteseticons.com.br/portal/faces/pages/despesa/extra/inicio.xhtml,1,54034,less_itens
5deff2fbfb501f46a63125d1,codigo,Conceição,Despesa Extra Orçamentária,bandit,2019-12-10T19:32:45Z,TRUE,2,TRUE,http://siteseticons.com.br/portal/faces/pages/despesa/extra/inicio.xhtml,1,54034,less_itens
5deff2fbfb501f46a63125d2,nomenclatura,Conceição,Despesa Extra Orçamentária,bandit,2019-12-10T19:32:45Z,TRUE,2,TRUE,http://siteseticons.com.br/portal/faces/pages/despesa/extra/inicio.xhtml,1,54034,less_itens
5deff2fbfb501f46a63125d3,numero_licitacao,Conceição,Licitação,bandit,2019-12-10T19:32:45Z,TRUE,25,TRUE,http://siteseticons.com.br/portal/faces/pages/licitacao/dados/inicio.xhtml,16,974202,less_itens
5deff2fbfb501f46a63125d4,objeto_licitacao,Conceição,Licitação,bandit,2019-12-10T19:32:45Z,FALSE,25,FALSE,,16,974202,less_itens
5deff2fbfb501f46a63125d5,modalidade_licitacao,Conceição,Licitação,bandit,2019-12-10T19:32:45Z,TRUE,25,TRUE,http://siteseticons.com.br/portal/faces/pages/licitacao/dados/inicio.xhtml,16,974202,less_itens
5deff2fbfb501f46a63125d6,data_publicacao_licitacao,Conceição,Licitação,bandit,2019-12-10T19:32:45Z,TRUE,25,TRUE,http://siteseticons.com.br/portal/faces/pages/licitacao/dados/inicio.xhtml,16,974202,less_itens
5deff2fbfb501f46a63125d7,valor,Conceição,Licitação,bandit,2019-12-10T19:32:45Z,TRUE,25,TRUE,http://siteseticons.com.br/portal/faces/pages/licitacao/dados/inicio.xhtml,16,974202,less_itens
5deff2fbfb501f46a63125d8,cnpj_cpf,Conceição,Licitação,bandit,2019-12-10T19:32:45Z,TRUE,25,TRUE,http://siteseticons.com.br/portal/faces/pages/licitacao/dados/inicio.xhtml,16,974202,less_itens
5deff2fbfb501f46a63125d9,data_realizacao,Conceição,Licitação,bandit,2019-12-10T19:32:45Z,TRUE,25,TRUE,http://siteseticons.com.br/portal/faces/pages/licitacao/dados/inicio.xhtml,16,974202,less_itens
5deff2fbfb501f46a63125da,setor_interessado,Conceição,Licitação,bandit,2019-12-10T19:32:45Z,FALSE,25,FALSE,,16,974202,less_itens
5deff2fdfb501f46a63125e0,uni_gestora,Conceição,Receita Orçamentária,bandit,2019-12-10T19:32:45Z,TRUE,37,TRUE,http://siteseticons.com.br/portal/faces/pages/orcamento/unidade/inicio.xhtml,24,1430567,less_itens
5deff2fdfb501f46a63125e1,previsao,Conceição,Receita Orçamentária,bandit,2019-12-10T19:32:45Z,TRUE,37,TRUE,http://conceicao.pb.gov.br/assuntos/portal-da-transparencia,24,1430567,less_itens
5deff2fdfb501f46a63125e2,arrecadacao,Conceição,Receita Orçamentária,bandit,2019-12-10T19:32:45Z,FALSE,37,TRUE,http://siteseticons.com.br/portal/faces/pages/receita/inicio.xhtml,24,1430567,less_itens
5deff2fdfb501f46a63125e3,lancado,Conceição,Receita Orçamentária,bandit,2019-12-10T19:32:45Z,FALSE,37,FALSE,,24,1430567,less_itens
5deff2fdfb501f46a63125e4,categoria_economica,Conceição,Receita Orçamentária,bandit,2019-12-10T19:32:45Z,FALSE,37,TRUE,http://siteseticons.com.br/portal/faces/pages/despesa/empenho/inicio.xhtml,24,1430567,less_itens
5deff2fdfb501f46a63125e5,origem,Conceição,Receita Orçamentária,bandit,2019-12-10T19:32:45Z,TRUE,37,TRUE,http://siteseticons.com.br/portal/faces/pages/despesa/empenho/inicio.xhtml,24,1430567,less_itens
5deff2fffb501f46a63125e6,valor,Conceição,Receita Extra Orçamentária,bandit,2019-12-10T19:32:45Z,TRUE,5,TRUE,http://siteseticons.com.br/portal/faces/pages/receita/extra/inicio.xhtml,2,118271,less_itens
5deff2fffb501f46a63125e7,codigo,Conceição,Receita Extra Orçamentária,bandit,2019-12-10T19:32:45Z,TRUE,5,TRUE,http://conceicao.pb.gov.br/assuntos/portal-da-transparencia,2,118271,less_itens
5deff2fffb501f46a63125e8,nomenclatura,Conceição,Receita Extra Orçamentária,bandit,2019-12-10T19:32:45Z,TRUE,5,TRUE,http://siteseticons.com.br/portal/faces/pages/receita/extra/inicio.xhtml,2,118271,less_itens
5deff32e29060e4802816e10,uni_gestora,Conceição,Receita Orçamentária,bfs,2019-12-10T19:33:39Z,TRUE,44,TRUE,http://siteseticons.com.br/portal/faces/pages/orcamento/unidade/inicio.xhtml,41,2478364,less_itens
5deff32e29060e4802816e11,previsao,Conceição,Receita Orçamentária,bfs,2019-12-10T19:33:39Z,TRUE,44,TRUE,http://conceicao.pb.gov.br/assuntos/portal-da-transparencia,41,2478364,less_itens
5deff32e29060e4802816e12,arrecadacao,Conceição,Receita Orçamentária,bfs,2019-12-10T19:33:39Z,FALSE,44,TRUE,http://siteseticons.com.br/portal/faces/pages/receita/inicio.xhtml,41,2478364,less_itens
5deff32e29060e4802816e13,lancado,Conceição,Receita Orçamentária,bfs,2019-12-10T19:33:39Z,FALSE,44,FALSE,,41,2478364,less_itens
5deff32e29060e4802816e14,categoria_economica,Conceição,Receita Orçamentária,bfs,2019-12-10T19:33:39Z,FALSE,44,TRUE,http://siteseticons.com.br/portal/faces/pages/despesa/empenho/inicio.xhtml,41,2478364,less_itens
5deff32e29060e4802816e15,origem,Conceição,Receita Orçamentária,bfs,2019-12-10T19:33:39Z,TRUE,44,TRUE,http://siteseticons.com.br/portal/faces/pages/receita/extra/inicio.xhtml,41,2478364,less_itens
5deff32e29060e4802816e16,funcao,Conceição,Despesa Orçamentária,bfs,2019-12-10T19:33:39Z,TRUE,80,TRUE,http://siteseticons.com.br/portal/faces/pages/despesa/pagamento/inicio.xhtml,56,3385001,less_itens
5deff32e29060e4802816e17,sub_funcao,Conceição,Despesa Orçamentária,bfs,2019-12-10T19:33:39Z,TRUE,80,TRUE,http://siteseticons.com.br/portal/faces/pages/despesa/pagamento/inicio.xhtml,56,3385001,less_itens
5deff32e29060e4802816e18,orgao_or_uni_orcamentaria,Conceição,Despesa Orçamentária,bfs,2019-12-10T19:33:39Z,TRUE,80,TRUE,http://siteseticons.com.br/portal/faces/pages/despesa/servidor/inicio.xhtml,56,3385001,less_itens
5deff32e29060e4802816e19,programa,Conceição,Despesa Orçamentária,bfs,2019-12-10T19:33:39Z,TRUE,80,TRUE,http://siteseticons.com.br/portal/faces/pages/despesa/empenho/locomocao.xhtml,56,3385001,less_itens
5deff32e29060e4802816e1a,categoria_economica,Conceição,Despesa Orçamentária,bfs,2019-12-10T19:33:39Z,FALSE,80,TRUE,http://siteseticons.com.br/portal/faces/pages/despesa/empenho/licitacao.xhtml,56,3385001,less_itens
5deff32e29060e4802816e1b,acao,Conceição,Despesa Orçamentária,bfs,2019-12-10T19:33:39Z,TRUE,80,TRUE,http://siteseticons.com.br/portal/faces/pages/despesa/empenho/locomocao.xhtml,56,3385001,less_itens
5deff32e29060e4802816e1c,natureza_despesa,Conceição,Despesa Orçamentária,bfs,2019-12-10T19:33:39Z,TRUE,80,TRUE,http://siteseticons.com.br/portal/faces/pages/despesa/empenho/locomocao.xhtml,56,3385001,less_itens
5deff32e29060e4802816e1d,modalidade,Conceição,Despesa Orçamentária,bfs,2019-12-10T19:33:39Z,TRUE,80,TRUE,http://siteseticons.com.br/portal/faces/pages/despesa/empenho/locomocao.xhtml,56,3385001,less_itens
5deff32e29060e4802816e1e,elemento,Conceição,Despesa Orçamentária,bfs,2019-12-10T19:33:39Z,FALSE,80,TRUE,http://siteseticons.com.br/portal/faces/pages/despesa/empenho/licitacao.xhtml,56,3385001,less_itens
5deff32e29060e4802816e1f,emp_numero,Conceição,Despesa Orçamentária,bfs,2019-12-10T19:33:39Z,TRUE,80,TRUE,http://siteseticons.com.br/portal/faces/pages/despesa/empenho/locomocao.xhtml,56,3385001,less_itens
5deff32e29060e4802816e20,emp_data,Conceição,Despesa Orçamentária,bfs,2019-12-10T19:33:39Z,TRUE,80,TRUE,http://siteseticons.com.br/portal/faces/pages/despesa/empenho/locomocao.xhtml,56,3385001,less_itens
5deff32e29060e4802816e21,emp_cnpj_cpf,Conceição,Despesa Orçamentária,bfs,2019-12-10T19:33:39Z,TRUE,80,TRUE,http://siteseticons.com.br/portal/faces/pages/despesa/servidor/inicio.xhtml,56,3385001,less_itens
5deff32e29060e4802816e22,emp_indicacao_licitacao,Conceição,Despesa Orçamentária,bfs,2019-12-10T19:33:39Z,TRUE,80,TRUE,http://siteseticons.com.br/portal/faces/pages/despesa/empenho/locomocao.xhtml,56,3385001,less_itens
5deff32e29060e4802816e23,emp_valor,Conceição,Despesa Orçamentária,bfs,2019-12-10T19:33:39Z,TRUE,80,TRUE,http://siteseticons.com.br/portal/faces/pages/despesa/empenho/locomocao.xhtml,56,3385001,less_itens
5deff32e29060e4802816e24,valor_fixado,Conceição,Despesa Orçamentária,bfs,2019-12-10T19:33:39Z,TRUE,80,TRUE,http://siteseticons.com.br/portal/faces/pages/despesa/empenho/locomocao.xhtml,56,3385001,less_itens
5deff32e29060e4802816e25,valor_liquidado,Conceição,Despesa Orçamentária,bfs,2019-12-10T19:33:39Z,TRUE,80,TRUE,http://siteseticons.com.br/portal/faces/pages/despesa/empenho/locomocao.xhtml,56,3385001,less_itens
5deff32e29060e4802816e26,valor_pago,Conceição,Despesa Orçamentária,bfs,2019-12-10T19:33:39Z,TRUE,80,TRUE,http://siteseticons.com.br/portal/faces/pages/despesa/empenho/locomocao.xhtml,56,3385001,less_itens
5deff32e29060e4802816e27,lic_data_pag_ultima,Conceição,Despesa Orçamentária,bfs,2019-12-10T19:33:39Z,TRUE,80,TRUE,http://siteseticons.com.br/portal/faces/pages/despesa/empenho/locomocao.xhtml,56,3385001,less_itens
5deff32e29060e4802816e28,sub_elemento,Conceição,Despesa Orçamentária,bfs,2019-12-10T19:33:39Z,TRUE,80,TRUE,http://siteseticons.com.br/portal/faces/pages/despesa/empenho/locomocao.xhtml,56,3385001,less_itens
5deff32e29060e4802816e29,lic_modalidade,Conceição,Despesa Orçamentária,bfs,2019-12-10T19:33:39Z,TRUE,80,TRUE,http://siteseticons.com.br/portal/faces/pages/despesa/empenho/locomocao.xhtml,56,3385001,less_itens
5deff32e29060e4802816e2a,lic_numero,Conceição,Despesa Orçamentária,bfs,2019-12-10T19:33:39Z,TRUE,80,TRUE,http://siteseticons.com.br/portal/faces/pages/despesa/empenho/locomocao.xhtml,56,3385001,less_itens
5deff32e29060e4802816e2b,lic_num_contrato,Conceição,Despesa Orçamentária,bfs,2019-12-10T19:33:39Z,TRUE,80,TRUE,http://siteseticons.com.br/portal/faces/pages/despesa/empenho/locomocao.xhtml,56,3385001,less_itens
5deff32e29060e4802816e2c,nome,Conceição,Despesa Orçamentária,bfs,2019-12-10T19:33:39Z,TRUE,80,TRUE,http://siteseticons.com.br/portal/faces/pages/despesa/servidor/inicio.xhtml,56,3385001,less_itens
5deff33129060e4802816e2d,valor,Conceição,Despesa Extra Orçamentária,bfs,2019-12-10T19:33:39Z,TRUE,15,TRUE,http://siteseticons.com.br/portal/faces/pages/despesa/extra/inicio.xhtml,6,348966,less_itens
5deff33129060e4802816e2e,codigo,Conceição,Despesa Extra Orçamentária,bfs,2019-12-10T19:33:39Z,TRUE,15,TRUE,http://siteseticons.com.br/portal/faces/pages/orcamento/unidade/inicio.xhtml,6,348966,less_itens
5deff33129060e4802816e2f,nomenclatura,Conceição,Despesa Extra Orçamentária,bfs,2019-12-10T19:33:39Z,TRUE,15,TRUE,http://siteseticons.com.br/portal/faces/pages/despesa/extra/inicio.xhtml,6,348966,less_itens
5deff33329060e4802816e30,valor,Conceição,Receita Extra Orçamentária,bfs,2019-12-10T19:33:39Z,TRUE,2,TRUE,http://siteseticons.com.br/portal/faces/pages/receita/extra/inicio.xhtml,1,77838,less_itens
5deff33329060e4802816e31,codigo,Conceição,Receita Extra Orçamentária,bfs,2019-12-10T19:33:39Z,TRUE,2,TRUE,http://conceicao.pb.gov.br/assuntos/portal-da-transparencia,1,77838,less_itens
5deff33329060e4802816e32,nomenclatura,Conceição,Receita Extra Orçamentária,bfs,2019-12-10T19:33:39Z,TRUE,2,TRUE,http://siteseticons.com.br/portal/faces/pages/receita/extra/inicio.xhtml,1,77838,less_itens
5deff33629060e4802816e33,numero_licitacao,Conceição,Licitação,bfs,2019-12-10T19:33:39Z,TRUE,26,TRUE,http://siteseticons.com.br/portal/faces/pages/licitacao/dados/inicio.xhtml,17,1023873,less_itens
5deff33629060e4802816e34,objeto_licitacao,Conceição,Licitação,bfs,2019-12-10T19:33:39Z,FALSE,26,FALSE,,17,1023873,less_itens
5deff33629060e4802816e35,modalidade_licitacao,Conceição,Licitação,bfs,2019-12-10T19:33:39Z,TRUE,26,TRUE,http://siteseticons.com.br/portal/faces/pages/licitacao/dados/inicio.xhtml,17,1023873,less_itens
5deff33629060e4802816e36,data_publicacao_licitacao,Conceição,Licitação,bfs,2019-12-10T19:33:39Z,TRUE,26,TRUE,http://siteseticons.com.br/portal/faces/pages/licitacao/dados/inicio.xhtml,17,1023873,less_itens
5deff33629060e4802816e37,valor,Conceição,Licitação,bfs,2019-12-10T19:33:39Z,TRUE,26,TRUE,http://siteseticons.com.br/portal/faces/pages/licitacao/dados/inicio.xhtml,17,1023873,less_itens
5deff33629060e4802816e38,cnpj_cpf,Conceição,Licitação,bfs,2019-12-10T19:33:39Z,TRUE,26,TRUE,http://siteseticons.com.br/portal/faces/pages/licitacao/dados/inicio.xhtml,17,1023873,less_itens
5deff33629060e4802816e39,data_realizacao,Conceição,Licitação,bfs,2019-12-10T19:33:39Z,TRUE,26,TRUE,http://siteseticons.com.br/portal/faces/pages/licitacao/dados/inicio.xhtml,17,1023873,less_itens
5deff33629060e4802816e3a,setor_interessado,Conceição,Licitação,bfs,2019-12-10T19:33:39Z,FALSE,26,FALSE,,17,1023873,less_itens
5deffb2206df3e61bfd30f17,numero_licitacao,Arara,Licitação,bfs,2019-12-10T20:07:26Z,TRUE,9,TRUE,http://transparencia.elmar.inf.br/Licitacao?e=201012&ctx=201012,5,326143,less_itens
5deffb2206df3e61bfd30f18,objeto_licitacao,Arara,Licitação,bfs,2019-12-10T20:07:26Z,TRUE,9,TRUE,http://transparencia.elmar.inf.br/Licitacao?e=201012&ctx=201012,5,326143,less_itens
5deffb2206df3e61bfd30f19,modalidade_licitacao,Arara,Licitação,bfs,2019-12-10T20:07:26Z,TRUE,9,TRUE,http://transparencia.elmar.inf.br/Licitacao?e=201012&ctx=201012,5,326143,less_itens
5deffb2206df3e61bfd30f1a,data_publicacao_licitacao,Arara,Licitação,bfs,2019-12-10T20:07:26Z,TRUE,9,TRUE,http://transparencia.elmar.inf.br/Licitacao?e=201012&ctx=201012,5,326143,less_itens
5deffb2206df3e61bfd30f1b,valor,Arara,Licitação,bfs,2019-12-10T20:07:26Z,TRUE,9,TRUE,http://transparencia.elmar.inf.br/Licitacao?e=201012&ctx=201012,5,326143,less_itens
5deffb2206df3e61bfd30f1c,cnpj_cpf,Arara,Licitação,bfs,2019-12-10T20:07:26Z,TRUE,9,TRUE,http://transparencia.elmar.inf.br/FolhaPag?e=201012&ctx=201012,5,326143,less_itens
5deffb2206df3e61bfd30f1d,data_realizacao,Arara,Licitação,bfs,2019-12-10T20:07:26Z,TRUE,9,TRUE,http://transparencia.elmar.inf.br/Licitacao?e=201012&ctx=201012,5,326143,less_itens
5deffb2206df3e61bfd30f1e,setor_interessado,Arara,Licitação,bfs,2019-12-10T20:07:26Z,TRUE,9,TRUE,http://transparencia.elmar.inf.br/Licitacao?e=201012&ctx=201012,5,326143,less_itens
5deffb35e9c82a61e2d69683,numero_licitacao,Arara,Licitação,bandit,2019-12-10T20:07:29Z,TRUE,7,TRUE,http://transparencia.elmar.inf.br/Licitacao?e=201012&ctx=201012,4,243394,less_itens
5deffb35e9c82a61e2d69684,objeto_licitacao,Arara,Licitação,bandit,2019-12-10T20:07:29Z,TRUE,7,TRUE,http://transparencia.elmar.inf.br/Licitacao?e=201012&ctx=201012,4,243394,less_itens
5deffb35e9c82a61e2d69685,modalidade_licitacao,Arara,Licitação,bandit,2019-12-10T20:07:29Z,TRUE,7,TRUE,http://transparencia.elmar.inf.br/Licitacao?e=201012&ctx=201012,4,243394,less_itens
5deffb35e9c82a61e2d69686,data_publicacao_licitacao,Arara,Licitação,bandit,2019-12-10T20:07:29Z,TRUE,7,TRUE,http://transparencia.elmar.inf.br/Licitacao?e=201012&ctx=201012,4,243394,less_itens
5deffb35e9c82a61e2d69687,valor,Arara,Licitação,bandit,2019-12-10T20:07:29Z,TRUE,7,TRUE,http://transparencia.elmar.inf.br/Licitacao?e=201012&ctx=201012,4,243394,less_itens
5deffb35e9c82a61e2d69688,cnpj_cpf,Arara,Licitação,bandit,2019-12-10T20:07:29Z,TRUE,7,TRUE,http://transparencia.elmar.inf.br/FolhaPag/Index/Temporarios?e=201012&Tab=3&isModal=false&ctx=201012,4,243394,less_itens
5deffb35e9c82a61e2d69689,data_realizacao,Arara,Licitação,bandit,2019-12-10T20:07:29Z,TRUE,7,TRUE,http://transparencia.elmar.inf.br/Licitacao?e=201012&ctx=201012,4,243394,less_itens
5deffb35e9c82a61e2d6968a,setor_interessado,Arara,Licitação,bandit,2019-12-10T20:07:29Z,TRUE,7,TRUE,http://transparencia.elmar.inf.br/Licitacao?e=201012&ctx=201012,4,243394,less_itens
5deffb7406df3e61bfd30f41,valor,Arara,Despesa Extra Orçamentária,bfs,2019-12-10T20:07:26Z,TRUE,7,TRUE,http://transparencia.elmar.inf.br/Contab/Despesas?e=201012&ctx=201012,4,238169,less_itens
5deffb7406df3e61bfd30f42,codigo,Arara,Despesa Extra Orçamentária,bfs,2019-12-10T20:07:26Z,TRUE,7,TRUE,http://transparencia.elmar.inf.br/Contab/Despesas/Extra?e=201012&Tab=4&isModal=false&ctx=201012,4,238169,less_itens
5deffb7406df3e61bfd30f43,nomenclatura,Arara,Despesa Extra Orçamentária,bfs,2019-12-10T20:07:26Z,TRUE,7,TRUE,http://transparencia.elmar.inf.br/Contab/Despesas/Extra?e=201012&Tab=4&isModal=false&ctx=201012,4,238169,less_itens
5deffb74e9c82a61e2d69696,valor,Arara,Receita Extra Orçamentária,bandit,2019-12-10T20:07:29Z,TRUE,4,TRUE,http://transparencia.elmar.inf.br/Contab/Receitas/Realizada?e=201012&Tab=2&isModal=false&ctx=201012,4,213044,less_itens
5deffb74e9c82a61e2d69697,codigo,Arara,Receita Extra Orçamentária,bandit,2019-12-10T20:07:29Z,TRUE,4,TRUE,http://transparencia.elmar.inf.br/Contab/Receitas/Realizada?e=201012&Tab=2&isModal=false&ctx=201012,4,213044,less_itens
5deffb74e9c82a61e2d69698,nomenclatura,Arara,Receita Extra Orçamentária,bandit,2019-12-10T20:07:29Z,TRUE,4,TRUE,http://transparencia.elmar.inf.br/Contab/Receitas/Realizada?e=201012&Tab=2&isModal=false&ctx=201012,4,213044,less_itens
5deffb78e9c82a61e2d69699,valor,Arara,Despesa Extra Orçamentária,bandit,2019-12-10T20:07:29Z,TRUE,17,TRUE,http://transparencia.elmar.inf.br/Contab/Despesas/Empenhos?e=201012&Tab=2&isModal=false&ctx=201012,12,726813,less_itens
5deffb78e9c82a61e2d6969a,codigo,Arara,Despesa Extra Orçamentária,bandit,2019-12-10T20:07:29Z,TRUE,17,TRUE,http://transparencia.elmar.inf.br/Contab/Despesas/Empenhos?e=201012&Tab=2&isModal=false&ctx=201012,12,726813,less_itens
5deffb78e9c82a61e2d6969b,nomenclatura,Arara,Despesa Extra Orçamentária,bandit,2019-12-10T20:07:29Z,TRUE,17,TRUE,http://transparencia.elmar.inf.br/Contab/Despesas/Empenhos?e=201012&Tab=2&isModal=false&ctx=201012,12,726813,less_itens
5deffb7906df3e61bfd30f44,valor,Arara,Receita Extra Orçamentária,bfs,2019-12-10T20:07:26Z,TRUE,4,TRUE,http://transparencia.elmar.inf.br/Contab/Receitas/Realizada?e=201012&Tab=2&isModal=false&ctx=201012,3,180627,less_itens
5deffb7906df3e61bfd30f45,codigo,Arara,Receita Extra Orçamentária,bfs,2019-12-10T20:07:26Z,TRUE,4,TRUE,http://transparencia.elmar.inf.br/Contab/Receitas/Realizada?e=201012&Tab=2&isModal=false&ctx=201012,3,180627,less_itens
5deffb7906df3e61bfd30f46,nomenclatura,Arara,Receita Extra Orçamentária,bfs,2019-12-10T20:07:26Z,TRUE,4,TRUE,http://transparencia.elmar.inf.br/Contab/Receitas?e=201012&ctx=201012,3,180627,less_itens
