municipio,criterio,item,encontrado,local_encontrado,local_encontrado_2
Esperança,Despesa Orçamentária,acao,TRUE,http://www.transparenciaativa.com.br/detalhesEmpenho.aspx?,
Esperança,Despesa Orçamentária,categoria_economica,TRUE,http://www.transparenciaativa.com.br/detalhesEmpenho.aspx?,
Esperança,Despesa Orçamentária,elemento,TRUE,http://www.transparenciaativa.com.br/detalhesEmpenho.aspx?,
Esperança,Despesa Orçamentária,emp_cnpj_cpf,TRUE,http://www.transparenciaativa.com.br/DespesaPorFavorecido.aspx,
Esperança,Despesa Orçamentária,emp_data,TRUE,http://www.transparenciaativa.com.br/DespesasComLicitacoes.aspx,
Esperança,Despesa Orçamentária,emp_indicacao_licitacao,TRUE,http://www.transparenciaativa.com.br/DespesasComLicitacoes.aspx,
Esperança,Despesa Orçamentária,emp_numero,TRUE,http://www.transparenciaativa.com.br/DespesasComLicitacoes.aspx,
Esperança,Despesa Orçamentária,emp_valor,TRUE,http://www.transparenciaativa.com.br/DespesasComLicitacoes.aspx,
Esperança,Despesa Orçamentária,funcao,TRUE,http://www.transparenciaativa.com.br/DespesasComLicitacoes.aspx,
Esperança,Despesa Orçamentária,lic_data_pag_ultima,FALSE,http://www.transparenciaativa.com.br/detalhesEmpenho.aspx?,
Esperança,Despesa Orçamentária,lic_modalidade,TRUE,http://www.transparenciaativa.com.br/detalhesEmpenho.aspx?,
Esperança,Despesa Orçamentária,lic_num_contrato,TRUE,http://www.transparenciaativa.com.br/detalhesEmpenho.aspx?,
Esperança,Despesa Orçamentária,lic_numero,TRUE,http://www.transparenciaativa.com.br/DespesasComLicitacoes.aspx,
Esperança,Despesa Orçamentária,lic_obj_servico,FALSE,http://www.transparenciaativa.com.br/detalhesEmpenho.aspx?,
Esperança,Despesa Orçamentária,modalidade,TRUE,http://www.transparenciaativa.com.br/detalhesEmpenho.aspx?,
Esperança,Despesa Orçamentária,natureza_despesa,TRUE,http://www.transparenciaativa.com.br/DespesasComLicitacoes.aspx,
Esperança,Despesa Orçamentária,orgao_or_uni_orcamentaria,TRUE,http://www.transparenciaativa.com.br/detalhesEmpenho.aspx,
Esperança,Despesa Orçamentária,programa,TRUE,http://www.transparenciaativa.com.br/DespesasComLicitacoes.aspx,
Esperança,Despesa Orçamentária,sub_elemento,TRUE,http://www.transparenciaativa.com.br/detalhesEmpenho.aspx?,
Esperança,Despesa Orçamentária,sub_funcao,TRUE,http://www.transparenciaativa.com.br/DespesasComLicitacoes.aspx,
Esperança,Despesa Orçamentária,valor_fixado,TRUE,http://www.transparenciaativa.com.br/DespesasComLicitacoes.aspx,
Esperança,Despesa Orçamentária,valor_liquidado,TRUE,http://www.transparenciaativa.com.br/DespesasComLicitacoes.aspx,
Esperança,Despesa Orçamentária,valor_pago,TRUE,http://www.transparenciaativa.com.br/DespesaPorElemento.aspx,
Esperança,Despesa Orçamentária,nome,TRUE,http://www.transparenciaativa.com.br/DespesasComLicitacoes.aspx,
Esperança,Receita Orçamentária,alinea,FALSE,NA,
Esperança,Receita Orçamentária,uni_gestora,FALSE,NA,
Esperança,Receita Orçamentária,arrecadacao,TRUE,NA,
Esperança,Receita Orçamentária,categoria_economica,TRUE,http://www.transparenciaativa.com.br/Receita2018.aspx,
Esperança,Receita Orçamentária,especie,FALSE,,
Esperança,Receita Orçamentária,lancado,TRUE,http://www.transparenciaativa.com.br/DetalhesReceita.aspx,
Esperança,Receita Orçamentária,origem,TRUE,http://www.transparenciaativa.com.br/DetalhesReceita.aspx,
Esperança,Receita Orçamentária,previsao,TRUE,http://www.transparenciaativa.com.br/DetalhesReceita.aspx,
Esperança,Receita Orçamentária,rubrica,FALSE,http://www.transparenciaativa.com.br/Receita2018.aspx,
Esperança,Receita Orçamentária,sub_alinea,FALSE,NA,
Esperança,Despesa Extra Orçamentária,valor,TRUE,http://www.transparenciaativa.com.br/DespesaExtraDetalhada.aspx,
Esperança,Despesa Extra Orçamentária,codigo,TRUE,http://www.transparenciaativa.com.br/DespesaExtraDetalhada.aspx,
Esperança,Despesa Extra Orçamentária,nomenclatura,TRUE,http://www.transparenciaativa.com.br/DespesaExtraDetalhada.aspx,
Esperança,Receita Extra Orçamentária,valor,TRUE,http://www.transparenciaativa.com.br/ReceitaExtraOrcamentaria.aspx,
Esperança,Receita Extra Orçamentária,codigo,TRUE,http://www.transparenciaativa.com.br/ReceitaExtraOrcamentaria.aspx,
Esperança,Receita Extra Orçamentária,nomenclatura,TRUE,http://www.transparenciaativa.com.br/ReceitaExtraOrcamentaria.aspx,
Esperança,Quadro Pessoal,nome,FALSE,,
Esperança,Quadro Pessoal,cpf,FALSE,,
Esperança,Quadro Pessoal,cargo,FALSE,,
Esperança,Quadro Pessoal,tipo_cargo,FALSE,,
Esperança,Quadro Pessoal,salario_cargo,FALSE,,
Esperança,Licitação,numero_licitacao,TRUE,http://www.transparenciaativa.com.br/Licitacoes.aspx,http://www.transparenciaativa.com.br/LicitacaoCompleta
Esperança,Licitação,objeto_licitacao,TRUE,http://www.transparenciaativa.com.br/Licitacoes.aspx,http://www.transparenciaativa.com.br/LicitacaoCompleta
Esperança,Licitação,modalidade_licitacao,TRUE,http://www.transparenciaativa.com.br/Licitacoes.aspx,http://www.transparenciaativa.com.br/LicitacaoCompleta
Esperança,Licitação,data_publicacao_licitacao,TRUE,http://www.transparenciaativa.com.br/Licitacoes.aspx,http://www.transparenciaativa.com.br/LicitacaoCompleta
Esperança,Licitação,valor,TRUE,http://www.transparenciaativa.com.br/Licitacoes.aspx,http://www.transparenciaativa.com.br/LicitacaoCompleta
Esperança,Licitação,cnpj_cpf,TRUE,http://www.transparenciaativa.com.br/LicitacaoCompleta,
Esperança,Licitação,edital,FALSE,,
Esperança,Licitação,nome_vencedores,TRUE,http://www.transparenciaativa.com.br/LicitacaoCompleta,
Esperança,Licitação,nome_perdedores,TRUE,http://www.transparenciaativa.com.br/LicitacaoCompleta,
Esperança,Licitação,data_realizacao,FALSE,,
Esperança,Licitação,setor_interessado,FALSE,,
Esperança,Licitação,integra,FALSE,,
Esperança,Licitação,termo_ratificacao,FALSE,,
Esperança,Licitação,pregao,TRUE,http://www.transparenciaativa.com.br/Licitacoes.aspx,
Esperança,Licitação,aviso,FALSE,,
Esperança,Licitação,licitado,TRUE,http://www.transparenciaativa.com.br/Licitacoes.aspx,http://www.transparenciaativa.com.br/LicitacaoCompleta
Santa Rita,Despesa  Orçamentária,acao,TRUE,http://siteseticons.com.br/portal/faces/pages/despesa/empenho/inicio.xhtml,
Santa Rita,Despesa  Orçamentária,categoria_economica,TRUE,http://siteseticons.com.br/portal/faces/pages/despesa/empenho/inicio.xhtml,
Santa Rita,Despesa  Orçamentária,elemento,TRUE,http://siteseticons.com.br/portal/faces/pages/despesa/empenho/inicio.xhtml,
Santa Rita,Despesa  Orçamentária,emp_cnpj_cpf,TRUE,http://siteseticons.com.br/portal/faces/pages/despesa/empenho/inicio.xhtml,
Santa Rita,Despesa  Orçamentária,emp_data,TRUE,http://siteseticons.com.br/portal/faces/pages/despesa/empenho/inicio.xhtml,
Santa Rita,Despesa  Orçamentária,emp_indicacao_licitacao,FALSE,,
Santa Rita,Despesa  Orçamentária,emp_numero,TRUE,http://siteseticons.com.br/portal/faces/pages/despesa/empenho/inicio.xhtml,
Santa Rita,Despesa  Orçamentária,emp_valor,TRUE,http://siteseticons.com.br/portal/faces/pages/despesa/empenho/inicio.xhtml,
Santa Rita,Despesa  Orçamentária,funcao,TRUE,http://siteseticons.com.br/portal/faces/pages/despesa/empenho/inicio.xhtml,
Santa Rita,Despesa  Orçamentária,lic_data_pag_ultima,TRUE,http://siteseticons.com.br/portal/faces/pages/despesa/empenho/inicio.xhtml,
Santa Rita,Despesa  Orçamentária,lic_modalidade,TRUE,http://siteseticons.com.br/portal/faces/pages/despesa/empenho/inicio.xhtml,
Santa Rita,Despesa  Orçamentária,lic_num_contrato,FALSE,,
Santa Rita,Despesa  Orçamentária,lic_numero,FALSE,,
Santa Rita,Despesa  Orçamentária,lic_obj_servico,TRUE,http://siteseticons.com.br/portal/faces/pages/despesa/empenho/inicio.xhtml,
Santa Rita,Despesa  Orçamentária,modalidade,TRUE,http://siteseticons.com.br/portal/faces/pages/despesa/empenho/inicio.xhtml,
Santa Rita,Despesa  Orçamentária,natureza_despesa,TRUE,http://siteseticons.com.br/portal/faces/pages/despesa/empenho/inicio.xhtml,
Santa Rita,Despesa  Orçamentária,orgao_or_uni_orcamentaria,TRUE,http://siteseticons.com.br/portal/faces/pages/despesa/empenho/inicio.xhtml,
Santa Rita,Despesa  Orçamentária,programa,TRUE,http://siteseticons.com.br/portal/faces/pages/despesa/empenho/inicio.xhtml,
Santa Rita,Despesa  Orçamentária,sub_elemento,TRUE,http://siteseticons.com.br/portal/faces/pages/despesa/empenho/inicio.xhtml,
Santa Rita,Despesa  Orçamentária,sub_funcao,TRUE,http://siteseticons.com.br/portal/faces/pages/despesa/empenho/inicio.xhtml,
Santa Rita,Despesa  Orçamentária,valor_fixado,TRUE,http://siteseticons.com.br/portal/faces/pages/despesa/empenho/inicio.xhtml,
Santa Rita,Despesa  Orçamentária,valor_liquidado,TRUE,http://siteseticons.com.br/portal/faces/pages/despesa/empenho/inicio.xhtml,
Santa Rita,Despesa  Orçamentária,nome,TRUE,http://siteseticons.com.br/portal/faces/pages/despesa/empenho/inicio.xhtml,
Santa Rita,Despesa  Orçamentária,valor_pago,TRUE,http://siteseticons.com.br/portal/faces/pages/despesa/empenho/inicio.xhtml,
Santa Rita,Receita Orçamentária,uni_gestora,TRUE,http://siteseticons.com.br/portal/faces/pages/receita/orcamentaria/inicio.xhtml,
Santa Rita,Receita Orçamentária,alinea,FALSE,,
Santa Rita,Receita Orçamentária,arrecadacao,TRUE,http://siteseticons.com.br/portal/faces/pages/receita/orcamentaria/inicio.xhtml,
Santa Rita,Receita Orçamentária,categoria_economica,TRUE,http://siteseticons.com.br/portal/faces/pages/receita/orcamentaria/inicio.xhtml,
Santa Rita,Receita Orçamentária,especie,FALSE,,
Santa Rita,Receita Orçamentária,lancado,FALSE,,
Santa Rita,Receita Orçamentária,origem,TRUE,http://siteseticons.com.br/portal/faces/pages/receita/orcamentaria/inicio.xhtml,
Santa Rita,Receita Orçamentária,previsao,FALSE,,
Santa Rita,Receita Orçamentária,rubrica,FALSE,,
Santa Rita,Receita Orçamentária,sub_alinea,FALSE,,
Santa Rita,Despesa Extra Orçamentária,valor,TRUE,http://siteseticons.com.br/portal/faces/pages/despesa/extra/inicio.xhtml,
Santa Rita,Despesa Extra Orçamentária,codigo,TRUE,http://siteseticons.com.br/portal/faces/pages/despesa/extra/inicio.xhtml,
Santa Rita,Despesa Extra Orçamentária,nomenclatura,TRUE,http://siteseticons.com.br/portal/faces/pages/despesa/extra/inicio.xhtml,
Santa Rita,Receita Extra Orçamentária,valor,TRUE,http://siteseticons.com.br/portal/faces/pages/receita/extra/inicio.xhtml,
Santa Rita,Receita Extra Orçamentária,codigo,TRUE,http://siteseticons.com.br/portal/faces/pages/receita/extra/inicio.xhtml,
Santa Rita,Receita Extra Orçamentária,nomenclatura,TRUE,http://siteseticons.com.br/portal/faces/pages/receita/extra/inicio.xhtml,
Santa Rita,Quadro Pessoal,nome,TRUE,http://transparenciaativa.com.br/ServidoresComSalario.aspx,
Santa Rita,Quadro Pessoal,cpf,TRUE,http://transparenciaativa.com.br/ServidoresComSalario.aspx,
Santa Rita,Quadro Pessoal,cargo,TRUE,http://transparenciaativa.com.br/ServidoresComSalario.aspx,
Santa Rita,Quadro Pessoal,tipo_cargo,TRUE,http://transparenciaativa.com.br/ServidoresComSalario.aspx,
Santa Rita,Quadro Pessoal,salario_cargo,TRUE,http://transparenciaativa.com.br/ServidoresComSalario.aspx,
Santa Rita,Licitação,numero_licitacao,TRUE,http://siteseticons.com.br/portal/faces/pages/licitacao/dados/inicio.xhtml,
Santa Rita,Licitação,objeto_licitacao,TRUE,http://siteseticons.com.br/portal/faces/pages/licitacao/dados/inicio.xhtml,
Santa Rita,Licitação,modalidade_licitacao,TRUE,http://siteseticons.com.br/portal/faces/pages/licitacao/dados/inicio.xhtml,
Santa Rita,Licitação,data_publicacao_licitacao,TRUE,http://siteseticons.com.br/portal/faces/pages/licitacao/dados/inicio.xhtml,
Santa Rita,Licitação,valor,TRUE,http://siteseticons.com.br/portal/faces/pages/licitacao/dados/inicio.xhtml,
Santa Rita,Licitação,cnpj_cpf,TRUE,http://siteseticons.com.br/portal/faces/pages/licitacao/dados/inicio.xhtml,
Santa Rita,Licitação,edital,FALSE,,
Santa Rita,Licitação,nome_vencedores,TRUE,http://siteseticons.com.br/portal/faces/pages/licitacao/dados/inicio.xhtml,
Santa Rita,Licitação,nome_perdedores,TRUE,http://siteseticons.com.br/portal/faces/pages/licitacao/dados/inicio.xhtml,
Santa Rita,Licitação,data_realizacao,TRUE,http://siteseticons.com.br/portal/faces/pages/licitacao/dados/inicio.xhtml,
Santa Rita,Licitação,setor_interessado,TRUE,http://siteseticons.com.br/portal/faces/pages/licitacao/dados/inicio.xhtml,
Santa Rita,Licitação,integra,FALSE,,
Santa Rita,Licitação,termo_ratificacao,FALSE,,
Santa Rita,Licitação,pregao,TRUE,http://siteseticons.com.br/portal/faces/pages/licitacao/dados/inicio.xhtml,
Santa Rita,Licitação,aviso,FALSE,,
Santa Rita,Licitação,licitado,FALSE,,
Campina Grande,Despesa Orçamentária,acao,TRUE,http://transparencia.campinagrande.pb.gov.br/despesas/,http://portaldatransparencia.publicsoftsolutions.com/sistemas/ContabilidadePublica/views/Empenho/resultadoConsultaGridPCEmpEmpenho.php
Campina Grande,Despesa Orçamentária,categoria_economica,TRUE,http://transparencia.campinagrande.pb.gov.br/despesas/,http://portaldatransparencia.publicsoftsolutions.com/sistemas/ContabilidadePublica/views/Empenho/resultadoConsultaGridPCEmpEmpenho.php
Campina Grande,Despesa Orçamentária,elemento,TRUE,http://transparencia.campinagrande.pb.gov.br/despesas/,http://portaldatransparencia.publicsoftsolutions.com/sistemas/ContabilidadePublica/views/Empenho/resultadoConsultaGridPCEmpEmpenho.php
Campina Grande,Despesa Orçamentária,emp_cnpj_cpf,TRUE,http://transparencia.campinagrande.pb.gov.br/despesas/,http://portaldatransparencia.publicsoftsolutions.com/sistemas/ContabilidadePublica/views/Empenho/resultadoConsultaGridPCEmpEmpenho.php
Campina Grande,Despesa Orçamentária,emp_data,TRUE,http://transparencia.campinagrande.pb.gov.br/despesas/,http://portaldatransparencia.publicsoftsolutions.com/sistemas/ContabilidadePublica/views/Empenho/resultadoConsultaGridPCEmpEmpenho.php
Campina Grande,Despesa Orçamentária,emp_indicacao_licitacao,FALSE,,
Campina Grande,Despesa Orçamentária,emp_numero,TRUE,http://transparencia.campinagrande.pb.gov.br/despesas/,http://portaldatransparencia.publicsoftsolutions.com/sistemas/ContabilidadePublica/views/Empenho/resultadoConsultaGridPCEmpEmpenho.php
Campina Grande,Despesa Orçamentária,emp_valor,TRUE,http://transparencia.campinagrande.pb.gov.br/despesas/,http://portaldatransparencia.publicsoftsolutions.com/sistemas/ContabilidadePublica/views/Empenho/resultadoConsultaGridPCEmpEmpenho.php
Campina Grande,Despesa Orçamentária,funcao,TRUE,http://transparencia.campinagrande.pb.gov.br/despesas/,http://portaldatransparencia.publicsoftsolutions.com/sistemas/ContabilidadePublica/views/Empenho/resultadoConsultaGridPCEmpEmpenho.php
Campina Grande,Despesa Orçamentária,lic_data_pag_ultima,TRUE,http://transparencia.campinagrande.pb.gov.br/despesas/,http://portaldatransparencia.publicsoftsolutions.com/sistemas/ContabilidadePublica/views/Empenho/resultadoConsultaGridPCEmpEmpenho.php
Campina Grande,Despesa Orçamentária,lic_modalidade,TRUE,http://transparencia.campinagrande.pb.gov.br/despesas/,http://portaldatransparencia.publicsoftsolutions.com/sistemas/ContabilidadePublica/views/Empenho/resultadoConsultaGridPCEmpEmpenho.php
Campina Grande,Despesa Orçamentária,lic_num_contrato,FALSE,NA,
Campina Grande,Despesa Orçamentária,lic_numero,TRUE,http://transparencia.campinagrande.pb.gov.br/despesas/,http://portaldatransparencia.publicsoftsolutions.com/sistemas/ContabilidadePublica/views/Empenho/resultadoConsultaGridPCEmpEmpenho.php
Campina Grande,Despesa Orçamentária,lic_obj_servico,TRUE,http://transparencia.campinagrande.pb.gov.br/despesas/,http://portaldatransparencia.publicsoftsolutions.com/sistemas/ContabilidadePublica/views/Empenho/resultadoConsultaGridPCEmpEmpenho.php
Campina Grande,Despesa Orçamentária,modalidade,TRUE,http://transparencia.campinagrande.pb.gov.br/despesas/,http://portaldatransparencia.publicsoftsolutions.com/sistemas/ContabilidadePublica/views/Empenho/resultadoConsultaGridPCEmpEmpenho.php
Campina Grande,Despesa Orçamentária,natureza_despesa,TRUE,http://transparencia.campinagrande.pb.gov.br/despesas/,http://portaldatransparencia.publicsoftsolutions.com/sistemas/ContabilidadePublica/views/Empenho/resultadoConsultaGridPCEmpEmpenho.php
Campina Grande,Despesa Orçamentária,orgao_or_uni_orcamentaria,TRUE,http://transparencia.campinagrande.pb.gov.br/despesas/,http://portaldatransparencia.publicsoftsolutions.com/sistemas/ContabilidadePublica/views/Empenho/resultadoConsultaGridPCEmpEmpenho.php
Campina Grande,Despesa Orçamentária,programa,TRUE,http://transparencia.campinagrande.pb.gov.br/despesas/,http://portaldatransparencia.publicsoftsolutions.com/sistemas/ContabilidadePublica/views/Empenho/resultadoConsultaGridPCEmpEmpenho.php
Campina Grande,Despesa Orçamentária,sub_elemento,FALSE,NA,
Campina Grande,Despesa Orçamentária,sub_funcao,TRUE,http://transparencia.campinagrande.pb.gov.br/despesas/,http://portaldatransparencia.publicsoftsolutions.com/sistemas/ContabilidadePublica/views/Empenho/resultadoConsultaGridPCEmpEmpenho.php
Campina Grande,Despesa Orçamentária,valor_fixado,TRUE,http://transparencia.campinagrande.pb.gov.br/despesas/,http://portaldatransparencia.publicsoftsolutions.com/sistemas/ContabilidadePublica/views/Empenho/resultadoConsultaGridPCEmpEmpenho.php
Campina Grande,Despesa Orçamentária,valor_liquidado,TRUE,http://transparencia.campinagrande.pb.gov.br/despesas/,http://portaldatransparencia.publicsoftsolutions.com/sistemas/ContabilidadePublica/views/Empenho/resultadoConsultaGridPCEmpEmpenho.php
Campina Grande,Despesa Orçamentária,valor_pago,TRUE,http://transparencia.campinagrande.pb.gov.br/despesas/,http://portaldatransparencia.publicsoftsolutions.com/sistemas/ContabilidadePublica/views/Empenho/resultadoConsultaGridPCEmpEmpenho.php
Campina Grande,Despesa Orçamentária,nome,TRUE,http://transparencia.campinagrande.pb.gov.br/despesas/,http://portaldatransparencia.publicsoftsolutions.com/sistemas/ContabilidadePublica/views/Empenho/resultadoConsultaGridPCEmpEmpenho.php
Campina Grande,Receita Orçamentária,uni_gestora,TRUE,http://transparencia.campinagrande.pb.gov.br/receitas/,http://portaldatransparencia.publicsoft.com.br/sistemas/ContabilidadePublica/views/
Campina Grande,Receita Orçamentária,alinea,FALSE,NA,
Campina Grande,Receita Orçamentária,arrecadacao,TRUE,http://transparencia.campinagrande.pb.gov.br/receitas/,http://portaldatransparencia.publicsoft.com.br/sistemas/ContabilidadePublica/views/
Campina Grande,Receita Orçamentária,categoria_economica,TRUE,http://transparencia.campinagrande.pb.gov.br/receitas/,http://portaldatransparencia.publicsoft.com.br/sistemas/ContabilidadePublica/views/
Campina Grande,Receita Orçamentária,especie,FALSE,NA,
Campina Grande,Receita Orçamentária,lancado,TRUE,http://transparencia.campinagrande.pb.gov.br/receitas/,http://portaldatransparencia.publicsoft.com.br/sistemas/ContabilidadePublica/views/
Campina Grande,Receita Orçamentária,origem,TRUE,http://transparencia.campinagrande.pb.gov.br/receitas/,http://portaldatransparencia.publicsoft.com.br/sistemas/ContabilidadePublica/views/
Campina Grande,Receita Orçamentária,previsao,TRUE,http://transparencia.campinagrande.pb.gov.br/receitas/,http://portaldatransparencia.publicsoft.com.br/sistemas/ContabilidadePublica/views/
Campina Grande,Receita Orçamentária,rubrica,FALSE,NA,
Campina Grande,Receita Orçamentária,sub_alinea,FALSE,NA,
Campina Grande,Despesa Extra Orçamentária,valor,TRUE,http://transparencia.campinagrande.pb.gov.br/despesas/,http://portaldatransparencia.publicsoftsolutions.com/sistemas/ContabilidadePublica/views/Empenho/resultadoConsultaGridPCEmpDespesasExtrasOrc.php
Campina Grande,Despesa Extra Orçamentária,codigo,TRUE,http://transparencia.campinagrande.pb.gov.br/despesas/,http://portaldatransparencia.publicsoftsolutions.com/sistemas/ContabilidadePublica/views/Empenho/resultadoConsultaGridPCEmpDespesasExtrasOrc.php
Campina Grande,Despesa Extra Orçamentária,nomenclatura,TRUE,http://transparencia.campinagrande.pb.gov.br/despesas/,http://portaldatransparencia.publicsoftsolutions.com/sistemas/ContabilidadePublica/views/Empenho/resultadoConsultaGridPCEmpDespesasExtrasOrc.php
Campina Grande,Receita Extra Orçamentária,valor,TRUE,http://transparencia.campinagrande.pb.gov.br/receitas/,http://portaldatransparencia.publicsoft.com.br/sistemas/ContabilidadePublica/views/
Campina Grande,Receita Extra Orçamentária,codigo,TRUE,http://transparencia.campinagrande.pb.gov.br/receitas/,http://portaldatransparencia.publicsoft.com.br/sistemas/ContabilidadePublica/views/
Campina Grande,Receita Extra Orçamentária,nomenclatura,TRUE,http://transparencia.campinagrande.pb.gov.br/receitas/,http://portaldatransparencia.publicsoft.com.br/sistemas/ContabilidadePublica/views/
Campina Grande,Quadro Pessoal,nome,FALSE,,
Campina Grande,Quadro Pessoal,cpf,FALSE,,
Campina Grande,Quadro Pessoal,cargo,FALSE,,
Campina Grande,Quadro Pessoal,tipo_cargo,FALSE,,
Campina Grande,Quadro Pessoal,salario_cargo,FALSE,,
Campina Grande,Licitação,numero_licitacao,TRUE,http://transparencia.campinagrande.pb.gov.br/licitacoes/,http://portaldatransparencia.publicsoft.com.br/sistemas/ContabilidadePublica/views/
Campina Grande,Licitação,objeto_licitacao,TRUE,http://transparencia.campinagrande.pb.gov.br/licitacoes/,http://portaldatransparencia.publicsoft.com.br/sistemas/ContabilidadePublica/views/
Campina Grande,Licitação,modalidade_licitacao,TRUE,http://transparencia.campinagrande.pb.gov.br/licitacoes/,http://portaldatransparencia.publicsoft.com.br/sistemas/ContabilidadePublica/views/
Campina Grande,Licitação,data_publicacao_licitacao,TRUE,http://transparencia.campinagrande.pb.gov.br/licitacoes/,http://portaldatransparencia.publicsoft.com.br/sistemas/ContabilidadePublica/views/
Campina Grande,Licitação,valor,TRUE,http://transparencia.campinagrande.pb.gov.br/licitacoes/,http://portaldatransparencia.publicsoft.com.br/sistemas/ContabilidadePublica/views/
Campina Grande,Licitação,cnpj_cpf,TRUE,http://transparencia.campinagrande.pb.gov.br/licitacoes/,http://portaldatransparencia.publicsoft.com.br/sistemas/ContabilidadePublica/views/
Campina Grande,Licitação,edital,FALSE,,
Campina Grande,Licitação,nome_vencedores,FALSE,,
Campina Grande,Licitação,nome_perdedores,FALSE,,
Campina Grande,Licitação,data_realizacao,FALSE,,
Campina Grande,Licitação,setor_interessado,FALSE,,
Campina Grande,Licitação,integra,FALSE,,
Campina Grande,Licitação,termo_ratificacao,FALSE,,
Campina Grande,Licitação,pregao,FALSE,,
Campina Grande,Licitação,aviso,FALSE,,
Campina Grande,Licitação,licitado,FALSE,,
Ouro Velho,Despesa Orçamentária,acao,TRUE,http://portaldatransparencia.publicsoft.com.br/sistemas/ContabilidadePublica/views/,
Ouro Velho,Despesa Orçamentária,categoria_economica,TRUE,http://portaldatransparencia.publicsoft.com.br/sistemas/ContabilidadePublica/views/,
Ouro Velho,Despesa Orçamentária,elemento,TRUE,http://portaldatransparencia.publicsoft.com.br/sistemas/ContabilidadePublica/views/,
Ouro Velho,Despesa Orçamentária,emp_cnpj_cpf,TRUE,http://portaldatransparencia.publicsoft.com.br/sistemas/ContabilidadePublica/views/,
Ouro Velho,Despesa Orçamentária,emp_data,TRUE,http://portaldatransparencia.publicsoft.com.br/sistemas/ContabilidadePublica/views/,
Ouro Velho,Despesa Orçamentária,emp_indicacao_licitacao,FALSE,,
Ouro Velho,Despesa Orçamentária,emp_numero,FALSE,,
Ouro Velho,Despesa Orçamentária,emp_valor,TRUE,http://portaldatransparencia.publicsoft.com.br/sistemas/ContabilidadePublica/views/,
Ouro Velho,Despesa Orçamentária,funcao,TRUE,http://portaldatransparencia.publicsoft.com.br/sistemas/ContabilidadePublica/views/,
Ouro Velho,Despesa Orçamentária,lic_data_pag_ultima,TRUE,http://portaldatransparencia.publicsoft.com.br/sistemas/ContabilidadePublica/views/,
Ouro Velho,Despesa Orçamentária,lic_modalidade,TRUE,http://portaldatransparencia.publicsoft.com.br/sistemas/ContabilidadePublica/views/,
Ouro Velho,Despesa Orçamentária,lic_num_contrato,FALSE,,
Ouro Velho,Despesa Orçamentária,lic_numero,TRUE,http://portaldatransparencia.publicsoft.com.br/sistemas/ContabilidadePublica/views/,
Ouro Velho,Despesa Orçamentária,lic_obj_servico,TRUE,http://portaldatransparencia.publicsoft.com.br/sistemas/ContabilidadePublica/views/,
Ouro Velho,Despesa Orçamentária,modalidade,TRUE,http://portaldatransparencia.publicsoft.com.br/sistemas/ContabilidadePublica/views/,
Ouro Velho,Despesa Orçamentária,natureza_despesa,TRUE,http://portaldatransparencia.publicsoft.com.br/sistemas/ContabilidadePublica/views/,
Ouro Velho,Despesa Orçamentária,orgao_or_uni_orcamentaria,TRUE,http://portaldatransparencia.publicsoft.com.br/sistemas/ContabilidadePublica/views/,
Ouro Velho,Despesa Orçamentária,programa,TRUE,http://portaldatransparencia.publicsoft.com.br/sistemas/ContabilidadePublica/views/,
Ouro Velho,Despesa Orçamentária,sub_elemento,FALSE,,
Ouro Velho,Despesa Orçamentária,sub_funcao,TRUE,http://portaldatransparencia.publicsoft.com.br/sistemas/ContabilidadePublica/views/,
Ouro Velho,Despesa Orçamentária,valor_fixado,TRUE,http://portaldatransparencia.publicsoft.com.br/sistemas/ContabilidadePublica/views/,
Ouro Velho,Despesa Orçamentária,valor_liquidado,TRUE,http://portaldatransparencia.publicsoft.com.br/sistemas/ContabilidadePublica/views/,
Ouro Velho,Despesa Orçamentária,valor_pago,TRUE,http://portaldatransparencia.publicsoft.com.br/sistemas/ContabilidadePublica/views/,
Ouro Velho,Despesa Orçamentária,nome,TRUE,http://portaldatransparencia.publicsoft.com.br/sistemas/ContabilidadePublica/views/,
Ouro Velho,Receita Orçamentária,uni_gestora,TRUE,http://portaldatransparencia.publicsoft.com.br/sistemas/ContabilidadePublica/views/,
Ouro Velho,Receita Orçamentária,alinea,FALSE,,
Ouro Velho,Receita Orçamentária,arrecadacao,TRUE,http://portaldatransparencia.publicsoft.com.br/sistemas/ContabilidadePublica/views/,
Ouro Velho,Receita Orçamentária,categoria_economica,TRUE,http://portaldatransparencia.publicsoft.com.br/sistemas/ContabilidadePublica/views/,
Ouro Velho,Receita Orçamentária,especie,FALSE,,
Ouro Velho,Receita Orçamentária,lancado,TRUE,http://portaldatransparencia.publicsoft.com.br/sistemas/ContabilidadePublica/views/,
Ouro Velho,Receita Orçamentária,origem,TRUE,http://portaldatransparencia.publicsoft.com.br/sistemas/ContabilidadePublica/views/,
Ouro Velho,Receita Orçamentária,previsao,TRUE,http://portaldatransparencia.publicsoft.com.br/sistemas/ContabilidadePublica/views/,
Ouro Velho,Receita Orçamentária,rubrica,FALSE,,
Ouro Velho,Receita Orçamentária,sub_alinea,FALSE,,
Ouro Velho,Despesa Extra Orçamentária,valor,TRUE,http://portaldatransparencia.publicsoft.com.br/sistemas/ContabilidadePublica/views/,
Ouro Velho,Despesa Extra Orçamentária,codigo,TRUE,http://portaldatransparencia.publicsoft.com.br/sistemas/ContabilidadePublica/views/,
Ouro Velho,Despesa Extra Orçamentária,nomenclatura,TRUE,http://portaldatransparencia.publicsoft.com.br/sistemas/ContabilidadePublica/views/,
Ouro Velho,Receita Extra Orçamentária,valor,TRUE,http://portaldatransparencia.publicsoft.com.br/sistemas/ContabilidadePublica/views/,
Ouro Velho,Receita Extra Orçamentária,codigo,TRUE,http://portaldatransparencia.publicsoft.com.br/sistemas/ContabilidadePublica/views/,
Ouro Velho,Receita Extra Orçamentária,nomenclatura,TRUE,http://portaldatransparencia.publicsoft.com.br/sistemas/ContabilidadePublica/views/,
Ouro Velho,Quadro Pessoal,nome,FALSE,,
Ouro Velho,Quadro Pessoal,cpf,FALSE,,
Ouro Velho,Quadro Pessoal,cargo,FALSE,,
Ouro Velho,Quadro Pessoal,tipo_cargo,FALSE,,
Ouro Velho,Quadro Pessoal,salario_cargo,FALSE,,
Ouro Velho,Licitação,numero_licitacao,TRUE,http://portaldatransparencia.publicsoft.com.br/sistemas/ContabilidadePublica/views/,
Ouro Velho,Licitação,objeto_licitacao,TRUE,http://portaldatransparencia.publicsoft.com.br/sistemas/ContabilidadePublica/views/,
Ouro Velho,Licitação,modalidade_licitacao,TRUE,http://portaldatransparencia.publicsoft.com.br/sistemas/ContabilidadePublica/views/,
Ouro Velho,Licitação,data_publicacao_licitacao,TRUE,http://portaldatransparencia.publicsoft.com.br/sistemas/ContabilidadePublica/views/,
Ouro Velho,Licitação,valor,TRUE,http://portaldatransparencia.publicsoft.com.br/sistemas/ContabilidadePublica/views/,
Ouro Velho,Licitação,cnpj_cpf,TRUE,http://portaldatransparencia.publicsoft.com.br/sistemas/ContabilidadePublica/views/,
Ouro Velho,Licitação,edital,FALSE,,
Ouro Velho,Licitação,nome_vencedores,FALSE,,
Ouro Velho,Licitação,nome_perdedores,FALSE,,
Ouro Velho,Licitação,data_realizacao,FALSE,,
Ouro Velho,Licitação,setor_interessado,FALSE,,
Ouro Velho,Licitação,integra,FALSE,,
Ouro Velho,Licitação,termo_ratificacao,FALSE,,
Ouro Velho,Licitação,pregao,FALSE,,
Ouro Velho,Licitação,aviso,FALSE,,
Ouro Velho,Licitação,licitado,FALSE,,
Arara,Despesa Orçamentária,acao,TRUE,http://transparencia.elmar.inf.br/Contab/Despesas?e=201012&isModal=False,
Arara,Despesa Orçamentária,categoria_economica,TRUE,http://transparencia.elmar.inf.br/Contab/Despesas?e=201012&isModal=False,
Arara,Despesa Orçamentária,elemento,TRUE,http://transparencia.elmar.inf.br/Contab/Despesas?e=201012&isModal=False,
Arara,Despesa Orçamentária,emp_cnpj_cpf,TRUE,http://transparencia.elmar.inf.br/Contab/Despesas?e=201012&isModal=False,
Arara,Despesa Orçamentária,emp_data,TRUE,http://transparencia.elmar.inf.br/Contab/Despesas?e=201012&isModal=False,
Arara,Despesa Orçamentária,emp_indicacao_licitacao,TRUE,http://transparencia.elmar.inf.br/Contab/Despesas?e=201012&isModal=False,
Arara,Despesa Orçamentária,emp_numero,TRUE,http://transparencia.elmar.inf.br/Contab/Despesas?e=201012&isModal=False,
Arara,Despesa Orçamentária,emp_valor,TRUE,http://transparencia.elmar.inf.br/Contab/Despesas?e=201012&isModal=False,
Arara,Despesa Orçamentária,funcao,TRUE,http://transparencia.elmar.inf.br/Contab/Despesas?e=201012&isModal=False,
Arara,Despesa Orçamentária,lic_data_pag_ultima,TRUE,http://transparencia.elmar.inf.br/Contab/Despesas?e=201012&isModal=False,
Arara,Despesa Orçamentária,lic_modalidade,TRUE,http://transparencia.elmar.inf.br/Contab/Despesas?e=201012&isModal=False,
Arara,Despesa Orçamentária,lic_num_contrato,FALSE,,
Arara,Despesa Orçamentária,lic_numero,FALSE,,
Arara,Despesa Orçamentária,lic_obj_servico,TRUE,http://transparencia.elmar.inf.br/Contab/Despesas?e=201012&isModal=False,
Arara,Despesa Orçamentária,modalidade,TRUE,http://transparencia.elmar.inf.br/Contab/Despesas?e=201012&isModal=False,
Arara,Despesa Orçamentária,natureza_despesa,TRUE,http://transparencia.elmar.inf.br/Contab/Despesas?e=201012&isModal=False,
Arara,Despesa Orçamentária,orgao_or_uni_orcamentaria,TRUE,http://transparencia.elmar.inf.br/Contab/Despesas?e=201012&isModal=False,
Arara,Despesa Orçamentária,programa,TRUE,http://transparencia.elmar.inf.br/Contab/Despesas?e=201012&isModal=False,
Arara,Despesa Orçamentária,sub_elemento,FALSE,,
Arara,Despesa Orçamentária,sub_funcao,TRUE,http://transparencia.elmar.inf.br/Contab/Despesas?e=201012&isModal=False,
Arara,Despesa Orçamentária,valor_fixado,FALSE,,
Arara,Despesa Orçamentária,valor_liquidado,TRUE,http://transparencia.elmar.inf.br/Contab/Despesas?e=201012&isModal=False,
Arara,Despesa Orçamentária,valor_pago,TRUE,http://transparencia.elmar.inf.br/Contab/Despesas?e=201012&isModal=False,
Arara,Despesa Orçamentária,nome,TRUE,http://transparencia.elmar.inf.br/Contab/Despesas?e=201012&isModal=False,
Arara,Receita Orçamentária,uni_gestora,TRUE,https://transparencia.elmar.inf.br/Contab/Receitas?e=201012&ctx=201012,
Arara,Receita Orçamentária,alinea,FALSE,,
Arara,Receita Orçamentária,arrecadacao,TRUE,https://transparencia.elmar.inf.br/Contab/Receitas?e=201012&ctx=201012,
Arara,Receita Orçamentária,categoria_economica,TRUE,https://transparencia.elmar.inf.br/Contab/Receitas?e=201012&ctx=201012,
Arara,Receita Orçamentária,especie,FALSE,,
Arara,Receita Orçamentária,lancado,TRUE,https://transparencia.elmar.inf.br/Contab/Receitas?e=201012&ctx=201012,
Arara,Receita Orçamentária,origem,TRUE,https://transparencia.elmar.inf.br/Contab/Receitas?e=201012&ctx=201012,
Arara,Receita Orçamentária,previsao,FALSE,,
Arara,Receita Orçamentária,rubrica,FALSE,,
Arara,Receita Orçamentária,sub_alinea,FALSE,,
Arara,Despesa Extra Orçamentária,valor,TRUE,http://transparencia.elmar.inf.br/Contab/Despesas/Extra,
Arara,Despesa Extra Orçamentária,codigo,TRUE,http://transparencia.elmar.inf.br/Contab/Despesas/Extra,
Arara,Despesa Extra Orçamentária,nomenclatura,TRUE,http://transparencia.elmar.inf.br/Contab/Despesas/Extra,
Arara,Receita Extra Orçamentária,valor,TRUE,http://transparencia.elmar.inf.br/Contab/Receitas/Extra,
Arara,Receita Extra Orçamentária,codigo,TRUE,http://transparencia.elmar.inf.br/Contab/Receitas/Extra,
Arara,Receita Extra Orçamentária,nomenclatura,TRUE,http://transparencia.elmar.inf.br/Contab/Receitas/Extra,
Arara,Quadro Pessoal,nome,TRUE,http://transparencia.elmar.inf.br/FolhaPag,
Arara,Quadro Pessoal,cpf,TRUE,http://transparencia.elmar.inf.br/FolhaPag,
Arara,Quadro Pessoal,cargo,TRUE,http://transparencia.elmar.inf.br/FolhaPag,
Arara,Quadro Pessoal,tipo_cargo,TRUE,http://transparencia.elmar.inf.br/FolhaPag,
Arara,Quadro Pessoal,salario_cargo,FALSE,,
Arara,Licitação,numero_licitacao,FALSE,,
Arara,Licitação,objeto_licitacao,FALSE,,
Arara,Licitação,modalidade_licitacao,FALSE,,
Arara,Licitação,data_publicacao_licitacao,FALSE,,
Arara,Licitação,valor,FALSE,,
Arara,Licitação,cnpj_cpf,FALSE,,
Arara,Licitação,edital,FALSE,,
Arara,Licitação,nome_vencedores,FALSE,,
Arara,Licitação,nome_perdedores,FALSE,,
Arara,Licitação,data_realizacao,FALSE,,
Arara,Licitação,setor_interessado,FALSE,,
Arara,Licitação,integra,FALSE,,
Arara,Licitação,termo_ratificacao,FALSE,,
Arara,Licitação,pregao,FALSE,,
Arara,Licitação,aviso,FALSE,,
Arara,Licitação,licitado,FALSE,,
João Pessoa,Despesa Orçamentária,acao,TRUE,https://transparencia.joaopessoa.pb.gov.br/#/despesas/despesas-detalhamento,
João Pessoa,Despesa Orçamentária,categoria_economica,TRUE,https://transparencia.joaopessoa.pb.gov.br/#/despesas/despesas-detalhamento,
João Pessoa,Despesa Orçamentária,elemento,TRUE,https://transparencia.joaopessoa.pb.gov.br/#/despesas/despesas-detalhamento,
João Pessoa,Despesa Orçamentária,emp_cnpj_cpf,TRUE,https://transparencia.joaopessoa.pb.gov.br/#/despesas/despesas-detalhamento,
João Pessoa,Despesa Orçamentária,emp_data,TRUE,https://transparencia.joaopessoa.pb.gov.br/#/despesas/despesas-detalhamento,
João Pessoa,Despesa Orçamentária,emp_indicacao_licitacao,FALSE,,
João Pessoa,Despesa Orçamentária,emp_numero,TRUE,https://transparencia.joaopessoa.pb.gov.br/#/despesas/despesas-detalhamento,
João Pessoa,Despesa Orçamentária,emp_valor,TRUE,https://transparencia.joaopessoa.pb.gov.br/#/despesas/despesas-detalhamento,
João Pessoa,Despesa Orçamentária,funcao,TRUE,https://transparencia.joaopessoa.pb.gov.br/#/despesas/despesas-detalhamento,
João Pessoa,Despesa Orçamentária,lic_data_pag_ultima,TRUE,https://transparencia.joaopessoa.pb.gov.br/#/despesas/despesas-detalhamento,
João Pessoa,Despesa Orçamentária,lic_modalidade,TRUE,https://transparencia.joaopessoa.pb.gov.br/#/despesas/despesas-detalhamento,
João Pessoa,Despesa Orçamentária,lic_num_contrato,TRUE,https://transparencia.joaopessoa.pb.gov.br/#/despesas/despesas-detalhamento,
João Pessoa,Despesa Orçamentária,lic_numero,TRUE,https://transparencia.joaopessoa.pb.gov.br/#/despesas/despesas-detalhamento,
João Pessoa,Despesa Orçamentária,lic_obj_servico,TRUE,https://transparencia.joaopessoa.pb.gov.br/#/despesas/despesas-detalhamento,
João Pessoa,Despesa Orçamentária,modalidade,TRUE,https://transparencia.joaopessoa.pb.gov.br/#/despesas/despesas-detalhamento,
João Pessoa,Despesa Orçamentária,natureza_despesa,TRUE,https://transparencia.joaopessoa.pb.gov.br/#/despesas/despesas-detalhamento,
João Pessoa,Despesa Orçamentária,orgao_or_uni_orcamentaria,TRUE,https://transparencia.joaopessoa.pb.gov.br/#/despesas/despesas-detalhamento,
João Pessoa,Despesa Orçamentária,programa,TRUE,https://transparencia.joaopessoa.pb.gov.br/#/despesas/despesas-detalhamento,
João Pessoa,Despesa Orçamentária,sub_elemento,TRUE,https://transparencia.joaopessoa.pb.gov.br/#/despesas/despesas-detalhamento,
João Pessoa,Despesa Orçamentária,sub_funcao,TRUE,https://transparencia.joaopessoa.pb.gov.br/#/despesas/despesas-detalhamento,
João Pessoa,Despesa Orçamentária,valor_fixado,TRUE,https://transparencia.joaopessoa.pb.gov.br/#/despesas/despesas-detalhamento,
João Pessoa,Despesa Orçamentária,valor_liquidado,TRUE,https://transparencia.joaopessoa.pb.gov.br/#/despesas/despesas-detalhamento,
João Pessoa,Despesa Orçamentária,valor_pago,TRUE,https://transparencia.joaopessoa.pb.gov.br/#/despesas/despesas-detalhamento,
João Pessoa,Despesa Orçamentária,nome,TRUE,https://transparencia.joaopessoa.pb.gov.br/#/despesas/despesas-detalhamento,
João Pessoa,Receita Orçamentária,uni_gestora,TRUE,https://transparencia.joaopessoa.pb.gov.br/#/receitas/receitas-detalhamento,https://transparencia.joaopessoa.pb.gov.br/#/receitas/receitas-quadro-geral
João Pessoa,Receita Orçamentária,alinea,FALSE,,
João Pessoa,Receita Orçamentária,arrecadacao,TRUE,https://transparencia.joaopessoa.pb.gov.br/#/receitas/receitas-quadro-geral,
João Pessoa,Receita Orçamentária,categoria_economica,FALSE,,
João Pessoa,Receita Orçamentária,especie,FALSE,,
João Pessoa,Receita Orçamentária,lancado,TRUE,https://transparencia.joaopessoa.pb.gov.br/#/receitas/receitas-detalhamento,
João Pessoa,Receita Orçamentária,origem,TRUE,https://transparencia.joaopessoa.pb.gov.br/#/receitas/receitas-detalhamento,
João Pessoa,Receita Orçamentária,previsao,TRUE,https://transparencia.joaopessoa.pb.gov.br/#/receitas/receitas-quadro-geral,
João Pessoa,Receita Orçamentária,rubrica,FALSE,,
João Pessoa,Receita Orçamentária,sub_alinea,FALSE,,
João Pessoa,Despesa Extra Orçamentária,valor,TRUE,https://transparencia.joaopessoa.pb.gov.br/#/receitas/receitas-extraorcamentarias,
João Pessoa,Despesa Extra Orçamentária,codigo,TRUE,https://transparencia.joaopessoa.pb.gov.br/#/receitas/receitas-extraorcamentarias,
João Pessoa,Despesa Extra Orçamentária,nomenclatura,TRUE,https://transparencia.joaopessoa.pb.gov.br/#/receitas/receitas-extraorcamentarias,
João Pessoa,Receita Extra Orçamentária,valor,TRUE,https://transparencia.joaopessoa.pb.gov.br/#/despesas/despesas-extraorcamentarias,
João Pessoa,Receita Extra Orçamentária,codigo,TRUE,https://transparencia.joaopessoa.pb.gov.br/#/despesas/despesas-extraorcamentarias,
João Pessoa,Receita Extra Orçamentária,nomenclatura,TRUE,https://transparencia.joaopessoa.pb.gov.br/#/despesas/despesas-extraorcamentarias,
João Pessoa,Quadro Pessoal,nome,TRUE,https://transparencia.joaopessoa.pb.gov.br/#/pessoal,
João Pessoa,Quadro Pessoal,cpf,TRUE,https://transparencia.joaopessoa.pb.gov.br/#/pessoal,
João Pessoa,Quadro Pessoal,cargo,TRUE,https://transparencia.joaopessoa.pb.gov.br/#/pessoal,
João Pessoa,Quadro Pessoal,tipo_cargo,TRUE,https://transparencia.joaopessoa.pb.gov.br/#/pessoal,
João Pessoa,Quadro Pessoal,salario_cargo,TRUE,https://transparencia.joaopessoa.pb.gov.br/#/pessoal,
João Pessoa,Licitação,numero_licitacao,TRUE,https://transparencia.joaopessoa.pb.gov.br/#/licitacoes,
João Pessoa,Licitação,objeto_licitacao,TRUE,https://transparencia.joaopessoa.pb.gov.br/#/licitacoes,
João Pessoa,Licitação,modalidade_licitacao,TRUE,https://transparencia.joaopessoa.pb.gov.br/#/licitacoes,
João Pessoa,Licitação,data_publicacao_licitacao,TRUE,https://transparencia.joaopessoa.pb.gov.br/#/licitacoes,
João Pessoa,Licitação,valor,TRUE,https://transparencia.joaopessoa.pb.gov.br/#/licitacoes,
João Pessoa,Licitação,cnpj_cpf,TRUE,https://transparencia.joaopessoa.pb.gov.br/#/licitacoes,
João Pessoa,Licitação,edital,TRUE,https://transparencia.joaopessoa.pb.gov.br/#/licitacoes,
João Pessoa,Licitação,nome_vencedores,TRUE,https://transparencia.joaopessoa.pb.gov.br/#/licitacoes,
João Pessoa,Licitação,nome_perdedores,TRUE,https://transparencia.joaopessoa.pb.gov.br/#/licitacoes,
João Pessoa,Licitação,data_realizacao,FALSE,,
João Pessoa,Licitação,setor_interessado,FALSE,,
João Pessoa,Licitação,integra,FALSE,,
João Pessoa,Licitação,termo_ratificacao,FALSE,,
João Pessoa,Licitação,pregao,FALSE,,
João Pessoa,Licitação,aviso,FALSE,,
João Pessoa,Licitação,licitado,TRUE,https://transparencia.joaopessoa.pb.gov.br/#/licitacoes,